id,area,perim,min_feret,ar,solidity,convex,feret_ratio,class
1,165,48.53,12.96,1.41,0.9,183,0.724,0
2,240,85.25,12.42,3.48,0.69,347,0.368,1
3,410,153.88,14.99,6.66,0.52,788,0.243,1
4,322,117.88,16.17,3.56,0.53,607,0.341,1
5,379,156.95,15.38,6.0,0.47,806,0.237,1
6,190,63.6,13.65,2.18,0.77,246,0.541,0
7,127,44.87,10.61,1.63,0.9,141,0.633,0
8,297,112.57,15.21,4.69,0.6,495,0.318,1
9,294,105.25,15.14,3.82,0.64,459,0.354,1
10,260,81.15,13.78,3.08,0.74,351,0.414,1
11,302,97.64,16.44,3.24,0.65,464,0.419,1
12,347,159.92,20.96,3.36,0.38,913,0.363,1
13,331,149.58,13.33,7.5,0.46,719,0.214,1
14,253,75.5,12.84,2.83,0.84,301,0.394,0
15,146,49.36,11.31,1.78,0.88,165,0.559,0
16,151,49.46,13.0,1.13,0.9,167,0.73,0
17,226,96.67,12.37,3.98,0.64,353,0.294,1
18,206,66.77,11.84,2.34,0.84,245,0.456,0
19,318,126.61,14.13,5.18,0.55,578,0.269,1
20,328,142.27,15.38,5.09,0.44,745,0.268,1
21,222,74.43,12.24,3.01,0.77,288,0.434,0
22,268,88.43,12.09,3.89,0.74,362,0.332,1
23,225,80.53,11.7,3.7,0.77,292,0.339,1
24,220,82.43,11.0,3.92,0.75,293,0.312,1
25,282,104.27,11.41,5.72,0.71,397,0.251,1
26,415,181.34,16.23,6.28,0.43,965,0.207,1
27,204,102.77,11.01,5.43,0.57,357,0.248,1
28,128,42.28,11.31,1.44,0.91,140,0.68,0
30,287,122.61,13.2,4.81,0.51,562,0.248,1
31,312,128.02,12.4,6.05,0.6,520,0.22,1
32,171,51.11,12.63,1.65,0.9,190,0.613,0
33,170,55.7,12.0,1.69,0.86,197,0.566,0
36,413,165.14,15.86,7.69,0.5,826,0.228,1
37,301,115.3,12.52,4.76,0.6,501,0.277,1
38,424,187.38,19.9,6.86,0.38,1115,0.268,1
39,283,98.23,13.34,4.19,0.65,435,0.335,1
40,234,76.18,14.29,2.27,0.77,303,0.502,1
41,249,103.54,12.02,4.88,0.61,408,0.27,1
43,205,66.08,12.94,2.09,0.84,244,0.493,0
44,248,97.84,11.0,4.7,0.7,354,0.256,1
45,251,79.01,14.12,2.79,0.73,343,0.432,1
46,265,102.33,11.77,5.15,0.72,368,0.267,1
47,345,124.33,18.36,3.04,0.56,616,0.429,1
48,165,48.87,12.65,1.52,0.93,177,0.659,0
50,189,62.53,11.0,2.31,0.89,212,0.424,0
51,322,120.23,14.51,4.54,0.57,564,0.332,1
52,378,142.61,24.23,2.18,0.45,840,0.539,1
53,385,142.02,16.92,4.89,0.52,740,0.307,1
54,324,116.81,13.5,5.16,0.67,483,0.267,1
55,299,112.08,12.0,6.33,0.69,433,0.249,1
56,165,47.94,13.44,1.37,0.9,183,0.758,0
57,315,99.5,13.21,4.62,0.72,437,0.303,1
58,357,141.74,11.38,8.51,0.56,637,0.184,1
60,334,111.4,15.1,4.44,0.62,538,0.352,1
61,179,49.46,13.0,1.45,0.94,190,0.692,0
62,428,169.88,17.73,5.05,0.45,951,0.245,1
63,126,41.7,11.87,1.28,0.91,138,0.778,0
65,164,48.28,12.86,1.53,0.92,178,0.682,0
66,382,143.92,13.8,6.62,0.54,707,0.228,1
68,250,73.84,16.37,1.92,0.78,320,0.595,0
69,154,52.28,11.0,1.95,0.86,179,0.533,0
70,140,44.87,12.0,1.32,0.91,153,0.737,0
71,237,68.77,14.56,1.92,0.84,282,0.524,0
72,212,58.77,14.0,1.55,0.9,235,0.632,0
73,198,62.53,12.16,1.99,0.83,238,0.512,0
74,172,55.6,11.31,2.1,0.87,197,0.499,0
75,173,64.67,12.94,2.03,0.77,224,0.516,0
76,216,61.84,13.12,1.93,0.87,248,0.542,0
77,286,76.67,15.84,2.16,0.81,353,0.534,0
79,241,77.5,14.91,2.18,0.73,330,0.552,1
80,255,77.01,14.06,2.54,0.75,340,0.465,1
81,233,72.77,13.0,2.61,0.84,277,0.427,0
82,191,60.28,13.86,1.71,0.85,224,0.592,0
83,197,63.25,14.28,1.66,0.82,240,0.677,0
84,241,81.15,13.98,2.65,0.74,325,0.429,1
85,179,55.11,13.44,1.76,0.86,208,0.612,0
86,200,55.11,15.0,1.11,0.91,219,0.803,0
88,236,67.6,14.63,2.1,0.81,291,0.561,1
89,268,78.43,13.87,2.63,0.79,339,0.437,0
90,194,59.36,13.31,2.03,0.86,225,0.538,0
91,188,55.7,12.0,1.66,0.91,206,0.566,0
92,193,64.18,13.0,2.1,0.83,232,0.534,0
93,215,64.53,13.0,2.15,0.85,252,0.51,0
94,221,72.18,13.74,2.11,0.79,279,0.476,0
95,258,80.67,13.54,3.06,0.76,339,0.398,1
96,173,57.01,13.33,1.54,0.83,208,0.619,0
99,202,64.18,13.71,2.09,0.82,246,0.543,0
100,243,71.84,14.0,2.05,0.8,303,0.538,0
101,245,79.84,14.36,2.8,0.75,326,0.462,1
102,180,51.6,13.36,1.53,0.89,202,0.692,0
105,217,86.08,12.73,3.0,0.66,328,0.391,1
106,126,45.11,11.31,1.61,0.89,141,0.648,0
107,161,48.87,11.5,1.64,0.9,178,0.616,0
108,266,90.53,11.26,4.36,0.78,341,0.295,1
110,316,138.37,12.83,7.37,0.53,596,0.219,1
112,139,44.87,11.0,1.47,0.91,152,0.637,0
113,263,99.25,12.09,4.89,0.67,392,0.291,1
114,270,98.91,12.56,4.16,0.67,402,0.303,1
115,268,85.84,12.79,3.04,0.75,357,0.374,1
116,147,45.46,11.0,1.5,0.92,159,0.63,0
118,167,49.46,11.0,1.65,0.94,177,0.552,0
119,230,91.05,12.73,4.57,0.64,359,0.325,1
120,218,82.08,12.8,2.88,0.72,302,0.365,1
121,332,126.27,13.06,7.07,0.59,562,0.232,1
122,238,85.98,12.96,3.35,0.66,360,0.372,1
123,116,41.8,10.0,1.51,0.91,127,0.644,0
124,122,41.8,11.0,1.4,0.92,132,0.682,0
125,139,57.01,11.42,1.88,0.77,180,0.506,0
126,433,158.99,21.13,3.18,0.51,849,0.411,1
127,221,77.5,12.43,3.02,0.75,294,0.397,1
128,298,96.08,16.11,2.85,0.65,458,0.457,1
129,224,67.36,11.51,2.5,0.86,260,0.416,0
130,277,98.67,17.93,2.06,0.65,426,0.567,1
131,345,122.81,24.0,2.62,0.52,663,0.606,1
132,278,97.5,13.62,3.84,0.66,421,0.344,1
133,125,45.7,12.73,1.14,0.84,148,0.79,0
134,147,45.7,12.07,1.42,0.91,161,0.72,0
135,154,47.7,12.02,1.63,0.91,169,0.626,0
136,137,48.04,11.48,1.55,0.88,155,0.597,0
137,125,42.28,10.46,1.62,0.91,137,0.632,0
138,171,57.01,13.66,1.61,0.82,208,0.675,0
139,176,54.18,11.75,1.88,0.86,204,0.549,0
140,204,63.84,13.46,1.81,0.81,251,0.557,0
141,132,47.11,11.93,1.48,0.87,151,0.667,0
142,247,67.6,15.29,1.8,0.84,294,0.612,0
143,182,62.28,14.42,1.77,0.76,239,0.618,0
144,260,77.84,15.4,2.36,0.76,342,0.495,0
145,199,60.87,13.58,1.7,0.85,234,0.604,0
146,235,63.36,14.41,1.79,0.87,270,0.586,0
147,129,45.21,11.5,1.43,0.87,148,0.658,0
148,149,55.94,12.29,1.81,0.8,186,0.558,0
149,165,56.53,11.88,1.95,0.85,194,0.541,0
150,163,47.46,12.0,1.38,0.94,173,0.687,0
151,150,46.04,11.0,1.58,0.93,161,0.598,0
154,211,56.87,14.0,1.43,0.91,231,0.679,0
155,230,59.36,15.0,1.35,0.9,255,0.696,0
156,191,53.11,13.0,1.49,0.91,209,0.63,0
157,151,48.87,11.84,1.51,0.9,167,0.657,0
158,137,43.8,11.0,1.31,0.93,147,0.696,0
159,140,47.36,11.37,1.73,0.86,162,0.619,0
161,134,49.11,11.0,1.49,0.85,157,0.598,0
162,171,58.77,11.07,2.61,0.82,208,0.455,0
164,185,57.11,12.0,1.88,0.88,210,0.566,0
165,224,88.57,11.3,4.4,0.7,320,0.289,1
166,310,119.3,18.34,2.78,0.61,508,0.488,1
168,158,62.67,12.02,1.97,0.78,202,0.492,0
169,175,60.18,12.73,2.24,0.82,213,0.539,0
170,231,73.5,12.81,2.79,0.8,288,0.418,0
171,144,46.04,11.0,1.43,0.92,156,0.656,0
172,210,69.6,13.08,2.49,0.78,269,0.479,0
174,150,46.28,12.0,1.48,0.93,161,0.674,0
176,187,63.01,12.67,2.27,0.78,239,0.496,0
177,118,41.21,10.59,1.52,0.91,129,0.677,0
178,146,47.46,11.0,1.72,0.92,158,0.58,0
181,141,44.38,11.0,1.36,0.95,148,0.64,0
183,152,47.46,12.0,1.38,0.9,168,0.677,0
184,298,125.5,14.18,5.17,0.53,562,0.269,1
185,151,51.7,10.0,2.09,0.88,171,0.463,0
186,110,37.8,10.0,1.25,0.94,117,0.718,0
187,311,101.74,12.87,4.22,0.73,426,0.307,1
188,334,130.95,15.49,4.37,0.54,618,0.31,1
190,380,133.3,20.17,3.41,0.53,716,0.401,1
191,232,75.84,13.13,2.74,0.74,313,0.45,1
192,283,91.98,12.94,4.07,0.74,382,0.333,1
193,194,69.01,12.0,2.55,0.77,251,0.453,0
194,231,74.91,12.96,3.01,0.78,296,0.402,1
196,302,109.78,11.78,5.34,0.69,437,0.239,1
197,188,55.11,13.34,1.54,0.9,208,0.641,0
198,205,71.25,13.44,2.73,0.75,273,0.47,0
199,246,95.5,12.72,3.54,0.68,361,0.341,1
200,201,61.94,12.45,2.09,0.85,236,0.488,0
203,169,49.21,12.0,1.46,0.93,181,0.654,0
204,156,51.36,12.77,1.65,0.84,185,0.658,0
208,199,62.43,13.42,1.87,0.85,234,0.554,0
210,132,46.04,11.0,1.43,0.89,148,0.644,0
211,137,44.04,12.02,1.45,0.92,148,0.706,0
212,234,86.33,12.52,3.67,0.68,344,0.345,1
213,175,49.7,13.0,1.43,0.92,190,0.705,0
214,276,101.15,12.79,5.1,0.68,405,0.293,1
215,169,57.11,11.0,2.22,0.85,198,0.455,0
218,173,51.11,11.93,1.71,0.92,188,0.597,0
219,108,40.87,9.7,1.74,0.88,122,0.596,0
220,168,48.87,11.93,1.55,0.92,182,0.649,0
222,164,50.04,11.55,1.74,0.93,176,0.586,0
223,168,49.11,12.0,1.59,0.92,182,0.611,0
224,229,63.11,16.64,1.42,0.86,266,0.713,0
225,255,89.15,11.51,3.9,0.76,335,0.301,1
226,132,43.11,11.38,1.47,0.91,145,0.69,0
228,360,150.07,15.14,7.76,0.51,705,0.222,1
229,189,62.77,12.36,2.43,0.78,242,0.504,0
230,233,71.01,13.03,2.65,0.78,298,0.453,0
231,361,146.61,14.13,5.9,0.49,736,0.244,1
232,301,110.33,12.33,5.57,0.7,430,0.254,1
233,354,135.92,13.86,6.17,0.55,643,0.241,1
234,114,39.8,10.0,1.28,0.93,122,0.687,0
235,184,70.28,10.0,3.25,0.79,232,0.329,0
236,199,66.18,12.26,2.27,0.84,236,0.455,0
237,182,60.18,11.16,2.45,0.85,214,0.451,0
238,126,44.04,10.98,1.58,0.91,138,0.638,0
239,201,65.6,12.85,2.35,0.8,251,0.477,0
240,245,76.18,12.72,3.0,0.76,322,0.423,0
241,216,78.57,12.07,3.56,0.76,284,0.382,1
242,186,59.84,13.46,1.84,0.83,224,0.579,0
243,369,161.68,21.52,4.29,0.41,900,0.374,1
244,368,125.05,21.0,2.41,0.58,634,0.512,1
245,222,74.91,13.54,2.87,0.74,300,0.443,1
246,241,98.91,13.36,4.24,0.63,382,0.321,1
247,262,89.4,12.73,4.11,0.74,354,0.321,1
248,233,94.33,11.88,4.75,0.63,369,0.303,1
249,211,86.08,11.35,4.52,0.63,334,0.313,1
250,273,101.98,13.67,4.35,0.65,420,0.318,1
251,283,113.05,17.55,3.19,0.5,566,0.416,1
252,319,121.64,13.98,4.97,0.54,590,0.274,1
253,289,99.74,12.88,4.87,0.73,395,0.294,1
254,296,126.95,15.71,4.27,0.47,629,0.3,1
255,283,88.67,15.95,2.48,0.68,416,0.471,1
256,179,53.7,12.66,1.68,0.88,203,0.608,0
258,207,54.28,15.2,1.37,0.93,222,0.76,0
259,160,47.94,12.68,1.51,0.9,177,0.703,0
261,184,75.01,13.57,2.68,0.67,274,0.443,0
262,247,88.91,12.9,3.14,0.69,357,0.388,1
263,132,44.63,12.0,1.43,0.89,148,0.721,0
264,198,117.15,9.1,10.01,0.51,388,0.175,1
265,110,40.04,11.0,1.32,0.89,123,0.755,0
266,315,149.34,15.56,4.64,0.39,807,0.249,1
267,298,105.15,11.93,4.68,0.68,438,0.287,1
268,206,71.6,13.0,2.58,0.77,267,0.46,1
269,117,38.97,11.0,1.19,0.96,121,0.733,0
271,133,54.77,12.0,1.8,0.78,170,0.561,0
272,360,146.23,12.41,7.98,0.58,620,0.195,1
273,271,81.25,12.94,3.17,0.81,334,0.386,1
274,288,95.6,11.69,3.92,0.73,394,0.319,1
275,217,72.77,13.0,2.65,0.82,264,0.419,0
276,206,85.98,12.02,3.93,0.69,298,0.314,1
277,143,43.46,12.73,1.23,0.94,152,0.805,0
278,245,99.98,14.07,3.49,0.58,422,0.344,1
279,245,104.33,11.77,3.87,0.6,408,0.29,1
280,212,63.01,13.86,1.95,0.85,249,0.554,0
281,172,55.7,12.0,1.8,0.87,197,0.542,0
282,247,81.25,13.0,2.88,0.78,316,0.409,1
283,256,83.6,13.0,3.34,0.77,332,0.385,1
284,238,72.43,13.31,2.55,0.8,297,0.448,0
285,248,76.77,12.0,2.79,0.83,298,0.392,1
286,260,93.15,13.48,3.79,0.72,361,0.352,1
287,220,78.67,15.07,2.63,0.67,328,0.488,1
288,199,59.94,13.0,1.86,0.87,228,0.552,0
289,219,71.36,12.0,2.82,0.8,273,0.408,1
290,189,54.53,13.28,1.72,0.89,212,0.614,0
291,172,49.46,12.0,1.53,0.93,184,0.624,0
292,179,50.87,12.97,1.5,0.93,192,0.684,0
293,364,131.68,12.8,5.88,0.6,606,0.233,1
294,345,137.34,12.52,6.62,0.53,650,0.219,1
295,220,77.36,11.0,3.19,0.82,268,0.346,0
296,299,113.98,12.74,4.43,0.59,506,0.265,1
297,223,92.57,11.99,3.58,0.64,348,0.315,1
298,168,61.6,12.76,1.89,0.79,212,0.506,0
299,280,101.84,14.0,4.29,0.67,417,0.324,1
301,255,97.15,12.33,3.89,0.64,398,0.316,1
302,320,108.47,15.4,3.53,0.6,533,0.385,1
303,118,41.21,10.91,1.39,0.91,129,0.716,0
304,326,127.4,12.17,5.5,0.57,571,0.226,1
305,315,105.4,13.34,4.7,0.72,437,0.295,1
306,244,93.84,11.8,4.87,0.67,364,0.298,1
307,257,89.98,12.65,3.91,0.7,367,0.34,1
308,379,148.27,26.59,2.6,0.46,823,0.563,1
309,262,93.11,12.45,3.92,0.72,363,0.309,1
310,141,43.11,12.02,1.38,0.91,154,0.726,0
311,280,110.23,12.63,5.24,0.6,466,0.275,1
312,352,139.54,12.9,6.3,0.56,628,0.226,1
313,132,43.46,11.77,1.32,0.9,146,0.744,0
314,175,53.11,11.92,1.81,0.88,198,0.589,0
315,318,143.3,18.87,4.11,0.41,775,0.346,1
317,361,145.68,12.89,6.21,0.52,694,0.208,1
319,278,89.98,13.11,3.46,0.7,397,0.357,1
320,135,44.87,11.09,1.85,0.91,148,0.596,0
321,207,94.57,13.4,3.49,0.58,356,0.34,1
323,250,88.18,13.36,3.65,0.72,347,0.35,1
325,202,78.57,13.02,3.2,0.7,288,0.393,1
326,330,136.51,14.42,5.65,0.5,660,0.256,1
327,175,67.36,11.24,3.09,0.77,227,0.403,0
328,236,93.01,12.0,4.18,0.72,327,0.298,1
329,203,61.94,12.97,2.3,0.86,236,0.491,0
330,204,66.77,11.74,2.37,0.82,248,0.443,0
332,202,62.77,13.4,1.82,0.83,243,0.55,0
333,205,71.01,12.51,2.52,0.75,273,0.465,0
335,247,84.67,14.14,3.14,0.7,352,0.408,1
336,187,60.77,11.0,2.17,0.88,212,0.463,0
337,142,46.04,10.79,1.72,0.91,156,0.598,0
338,232,75.25,14.14,2.84,0.77,301,0.459,1
339,192,67.6,12.26,2.49,0.78,246,0.446,0
340,130,44.04,12.0,1.3,0.89,146,0.725,0
341,178,59.36,12.5,2.02,0.84,211,0.517,0
342,249,83.74,14.31,2.78,0.7,355,0.441,1
343,146,51.94,11.0,1.82,0.86,169,0.539,0
344,262,79.84,14.13,2.66,0.8,327,0.447,1
345,239,70.18,15.78,1.66,0.83,287,0.639,0
346,158,53.94,12.03,1.89,0.85,185,0.562,0
347,232,77.6,12.52,2.96,0.78,297,0.388,0
348,203,67.01,14.75,1.92,0.79,256,0.589,0
349,258,79.5,14.83,2.28,0.76,339,0.495,0
350,167,51.21,10.0,1.9,0.94,177,0.485,0
351,138,45.7,10.61,1.83,0.9,153,0.555,0
352,151,47.7,11.8,1.64,0.9,167,0.608,0
353,164,48.28,13.0,1.33,0.91,180,0.745,0
354,134,43.21,11.0,1.4,0.92,145,0.681,0
356,178,52.18,12.97,1.52,0.9,197,0.672,0
357,111,38.97,11.0,1.02,0.93,119,0.809,0
358,227,70.57,12.73,2.85,0.8,283,0.433,1
359,231,78.91,12.5,3.25,0.77,300,0.377,1
360,200,68.43,12.6,2.8,0.77,259,0.45,0
362,108,38.97,10.0,1.39,0.93,116,0.678,0
363,282,92.33,13.33,4.12,0.71,397,0.342,1
364,225,86.67,12.07,3.83,0.72,312,0.32,1
365,354,132.51,14.32,6.19,0.52,680,0.259,1
366,169,60.18,11.64,2.06,0.86,196,0.473,0
368,319,126.95,14.9,4.92,0.54,590,0.303,1
369,215,93.4,13.92,3.18,0.59,364,0.351,1
370,258,95.98,11.88,4.32,0.69,373,0.292,1
371,272,95.15,13.79,3.33,0.63,431,0.371,1
372,125,42.04,11.03,1.45,0.91,137,0.698,0
373,323,114.91,13.81,3.89,0.66,489,0.312,1
374,309,124.12,13.06,4.94,0.58,532,0.261,1
375,276,123.15,13.0,5.02,0.55,501,0.257,1
376,106,42.04,11.26,1.26,0.82,129,0.773,0
377,338,122.95,14.07,5.61,0.58,582,0.274,1
378,221,86.81,12.02,3.86,0.71,311,0.327,1
380,115,41.46,11.93,1.39,0.88,130,0.74,0
381,230,92.57,12.5,3.63,0.66,348,0.36,1
382,286,102.57,13.93,3.51,0.62,461,0.336,1
383,132,43.11,13.0,1.11,0.87,151,0.85,0
387,322,137.3,13.85,5.59,0.49,657,0.252,1
388,275,94.67,13.73,3.59,0.68,404,0.357,1
389,326,137.1,11.91,7.73,0.51,639,0.202,1
390,364,150.61,15.37,4.94,0.46,791,0.252,1
391,154,54.87,11.0,2.25,0.87,177,0.49,0
392,338,143.58,14.05,5.78,0.51,662,0.234,1
393,222,91.98,12.77,4.11,0.61,363,0.346,1
394,297,126.75,12.27,6.98,0.53,560,0.225,1
395,194,67.84,13.67,1.9,0.74,262,0.558,0
396,225,82.18,12.33,3.58,0.71,316,0.371,1
397,156,47.46,12.0,1.56,0.93,167,0.624,0
398,238,79.5,12.93,3.08,0.73,326,0.424,1
399,289,117.3,16.13,3.41,0.52,555,0.392,1
400,219,72.67,12.97,2.9,0.78,280,0.418,1
402,308,104.91,16.71,3.18,0.62,496,0.426,1
403,322,115.4,16.54,3.84,0.56,575,0.403,1
404,415,159.05,12.97,7.84,0.57,728,0.197,1
405,325,107.6,13.0,4.85,0.73,445,0.281,1
406,263,94.81,12.1,4.75,0.7,375,0.287,1
408,265,99.4,13.38,3.98,0.62,427,0.348,1
409,406,160.02,19.88,4.07,0.46,882,0.336,1
410,402,154.95,13.23,8.17,0.57,705,0.201,1
411,306,100.81,13.01,4.72,0.68,449,0.3,1
412,328,128.27,15.49,4.58,0.5,656,0.31,1
413,299,112.12,14.79,4.19,0.65,460,0.334,1
414,203,91.4,12.31,4.03,0.58,350,0.317,1
415,174,50.53,13.0,1.55,0.9,193,0.662,0
416,132,45.11,11.09,1.69,0.88,150,0.615,0
417,185,65.6,13.68,1.81,0.77,240,0.584,0
418,314,113.64,13.82,5.2,0.61,514,0.295,1
419,248,82.53,12.0,3.58,0.8,310,0.351,1
420,257,83.74,13.59,3.46,0.72,356,0.39,1
421,251,85.4,13.63,3.54,0.73,343,0.39,1
423,100,38.38,11.0,1.22,0.9,111,0.774,0
424,274,103.15,12.19,4.2,0.64,428,0.31,1
425,104,37.21,11.0,1.05,0.92,113,0.82,0
426,290,139.58,11.4,7.13,0.52,557,0.195,1
427,163,48.28,12.34,1.66,0.93,175,0.641,0
429,192,65.94,12.73,2.32,0.79,243,0.458,0
431,102,36.63,11.0,1.18,0.91,112,0.844,0
432,237,78.08,13.54,2.95,0.77,307,0.415,1
433,122,42.04,11.32,1.41,0.9,135,0.702,0
434,201,82.43,13.0,3.62,0.64,314,0.375,1
435,450,164.85,17.18,4.86,0.55,818,0.273,1
436,337,148.37,20.34,3.82,0.42,802,0.364,1
437,323,134.85,13.09,6.87,0.53,609,0.225,1
438,235,84.43,12.2,3.37,0.73,321,0.341,1
440,313,111.74,11.96,5.39,0.73,428,0.249,1
442,234,88.67,12.28,4.29,0.7,334,0.35,1
443,256,110.81,13.04,5.23,0.56,457,0.277,1
444,272,104.95,11.75,5.32,0.66,412,0.255,1
445,283,141.2,16.61,3.96,0.42,673,0.292,1
446,287,109.3,15.35,3.02,0.62,462,0.379,1
447,223,79.5,12.53,3.31,0.72,309,0.401,1
448,241,83.98,14.82,2.66,0.68,354,0.459,1
449,321,134.61,13.85,6.96,0.53,605,0.233,1
450,217,88.81,12.26,2.96,0.65,333,0.392,1
451,350,149.64,13.5,6.57,0.47,744,0.224,1
452,301,113.5,13.99,5.06,0.62,485,0.29,1
453,423,171.92,21.49,4.48,0.38,1113,0.333,1
454,184,58.53,11.59,1.86,0.87,211,0.482,0
456,374,163.38,15.01,7.6,0.47,795,0.212,1
457,123,42.04,10.0,1.6,0.91,135,0.614,0
458,421,213.76,24.3,5.51,0.3,1403,0.303,1
459,340,139.2,17.52,4.51,0.5,680,0.33,1
460,302,123.44,15.12,4.75,0.53,569,0.328,1
461,246,92.91,13.04,3.77,0.63,390,0.346,1
462,149,48.87,11.0,1.52,0.91,163,0.615,0
463,249,82.67,15.56,2.36,0.7,355,0.486,1
464,171,54.28,11.0,1.8,0.89,192,0.498,0
465,184,64.18,12.0,2.24,0.81,227,0.474,0
466,222,73.84,11.65,3.34,0.79,281,0.362,0
467,147,47.11,10.61,1.87,0.92,159,0.53,0
468,192,67.84,12.02,2.97,0.78,246,0.409,0
469,174,59.11,11.0,2.08,0.87,200,0.482,0
470,195,62.77,12.15,2.16,0.87,224,0.484,0
472,304,112.71,15.21,4.29,0.56,542,0.324,1
473,326,133.2,19.46,3.43,0.46,708,0.382,1
474,154,50.63,10.0,1.79,0.92,167,0.502,0
475,143,44.04,12.49,1.3,0.93,153,0.762,0
476,231,87.15,12.73,3.33,0.7,330,0.342,1
477,266,105.98,13.97,4.15,0.66,403,0.313,1
478,222,93.4,11.45,4.25,0.61,363,0.297,1
481,121,43.46,10.0,1.68,0.91,132,0.559,0
482,210,80.91,12.61,3.42,0.69,304,0.373,1
483,204,94.08,12.85,2.85,0.6,340,0.419,1
484,183,56.28,12.0,1.84,0.9,203,0.525,0
486,322,124.81,14.24,4.81,0.54,596,0.265,1
488,250,90.43,11.99,4.27,0.67,373,0.313,1
489,166,50.28,12.49,1.68,0.89,186,0.617,0
493,185,78.67,11.61,3.34,0.67,276,0.355,1
494,144,44.87,12.0,1.2,0.91,158,0.743,0
495,338,130.75,12.91,6.45,0.57,592,0.225,1
496,203,83.74,11.88,3.72,0.69,294,0.329,1
497,244,119.68,11.65,6.48,0.56,435,0.221,1
498,178,63.01,12.0,2.37,0.77,231,0.485,0
499,350,137.84,11.74,7.64,0.63,555,0.201,1
500,332,155.68,31.21,1.86,0.38,873,0.671,1
501,313,119.84,12.0,5.9,0.62,504,0.241,1
503,398,150.51,14.73,6.5,0.53,750,0.242,1
504,286,99.4,14.67,3.12,0.65,440,0.396,1
507,346,163.72,17.8,6.17,0.4,865,0.28,1
508,192,51.46,12.0,1.55,0.96,200,0.602,0
509,592,248.35,14.21,10.85,0.45,1315,0.142,1
510,384,133.05,15.26,4.8,0.57,673,0.291,1
511,151,49.7,13.0,1.26,0.87,173,0.727,0
512,168,52.04,12.77,1.37,0.91,184,0.696,0
513,276,96.43,17.68,2.11,0.63,438,0.526,1
514,312,127.4,19.41,2.49,0.49,636,0.482,1
515,161,49.21,13.0,1.25,0.91,176,0.727,0
516,237,102.47,13.28,4.35,0.53,447,0.318,1
517,239,73.84,16.25,1.8,0.76,314,0.585,0
518,233,71.94,11.94,2.5,0.84,277,0.4,0
519,203,55.11,13.81,1.49,0.89,228,0.683,0
520,319,100.47,16.0,2.67,0.67,476,0.43,1
521,169,70.43,12.0,3.16,0.67,252,0.428,0
522,284,92.47,17.54,2.28,0.67,423,0.532,1
523,173,71.84,12.0,2.46,0.77,224,0.425,0
524,173,51.11,12.52,1.63,0.91,190,0.618,0
525,142,44.87,11.7,1.43,0.91,156,0.703,0
526,134,44.63,11.0,1.5,0.92,145,0.681,0
527,210,64.67,12.02,2.32,0.88,238,0.442,0
528,317,131.88,15.88,4.31,0.49,646,0.326,1
529,204,80.43,14.55,2.41,0.66,309,0.444,0
532,197,53.36,13.86,1.55,0.92,214,0.654,0
533,196,71.6,11.7,2.85,0.78,251,0.385,0
534,242,78.08,13.83,2.94,0.76,318,0.422,1
535,123,40.04,12.0,1.25,0.93,132,0.8,0
536,159,47.94,11.31,1.64,0.92,172,0.582,0
537,186,55.36,12.02,2.03,0.91,204,0.509,0
538,163,49.46,12.55,1.59,0.91,179,0.612,0
539,263,96.57,15.14,3.32,0.65,404,0.409,1
540,173,51.36,12.73,1.74,0.9,192,0.637,0
541,135,44.53,11.31,1.4,0.91,148,0.68,0
542,290,105.74,15.71,3.7,0.56,517,0.365,1
543,289,103.64,15.27,3.42,0.62,466,0.391,1
544,183,59.01,12.44,1.98,0.86,212,0.514,0
545,117,39.8,10.0,1.39,0.94,124,0.667,0
546,164,49.46,11.0,1.73,0.93,176,0.566,0
548,126,42.63,10.0,1.5,0.94,134,0.633,0
550,150,52.87,11.4,1.97,0.85,176,0.533,0
551,204,79.01,11.0,3.1,0.72,283,0.341,0
552,388,163.2,22.62,2.72,0.41,946,0.411,1
553,386,156.95,16.69,4.23,0.5,772,0.31,1
554,277,112.12,14.64,3.54,0.52,532,0.363,1
556,223,93.98,12.63,3.61,0.66,337,0.316,1
557,214,71.5,12.73,2.55,0.81,264,0.433,0
558,149,47.46,11.67,1.73,0.9,165,0.601,0
559,113,41.7,10.98,1.36,0.87,129,0.72,0
560,210,56.04,15.95,1.21,0.92,228,0.797,0
561,166,58.43,12.73,1.78,0.82,202,0.578,0
562,196,64.53,12.87,2.19,0.79,248,0.499,0
563,149,46.63,12.0,1.42,0.92,161,0.671,0
566,323,138.12,14.02,5.0,0.52,621,0.283,1
570,213,91.5,11.91,3.36,0.6,355,0.33,1
571,298,146.71,16.45,4.83,0.4,745,0.299,1
572,255,118.81,13.98,4.04,0.49,520,0.293,1
573,136,45.46,11.09,1.72,0.89,152,0.615,0
574,124,41.46,11.6,1.39,0.91,136,0.72,0
575,248,97.15,12.06,4.98,0.67,370,0.281,1
576,398,145.34,19.02,3.72,0.49,812,0.357,1
577,288,134.85,14.56,6.62,0.44,654,0.274,1
578,193,61.36,12.0,2.24,0.88,219,0.474,0
579,229,73.74,14.58,2.22,0.77,297,0.526,1
580,160,51.94,12.52,1.71,0.86,186,0.602,0
581,209,82.43,10.69,4.81,0.72,290,0.308,1
582,175,57.94,12.31,2.07,0.85,205,0.492,0
583,160,48.63,12.0,1.57,0.92,173,0.618,0
584,150,46.87,11.0,1.62,0.93,161,0.598,0
585,169,51.11,12.0,1.58,0.9,187,0.628,0
586,144,46.04,11.0,1.41,0.93,154,0.656,0
587,112,41.21,10.0,1.57,0.9,124,0.655,0
588,154,48.38,9.0,2.06,0.96,160,0.452,0
589,151,46.87,12.02,1.54,0.91,165,0.652,0
590,135,45.46,11.31,1.67,0.9,150,0.608,0
591,260,100.12,12.76,5.02,0.66,393,0.294,1
592,119,40.28,11.0,1.36,0.91,130,0.719,0
593,104,37.21,11.0,1.06,0.92,113,0.82,0
594,120,40.04,11.0,1.38,0.93,129,0.703,0
595,187,72.77,10.8,3.88,0.72,259,0.348,1
596,139,45.11,12.0,1.39,0.89,156,0.701,0
597,120,41.94,12.0,1.27,0.88,136,0.784,0
598,181,50.87,12.0,1.64,0.94,192,0.593,0
599,159,48.77,11.93,1.66,0.9,176,0.62,0
600,162,48.87,11.66,1.68,0.92,176,0.592,0
601,167,50.53,12.0,1.58,0.92,181,0.642,0
602,127,40.63,11.0,1.32,0.94,135,0.722,0
603,154,48.77,11.65,1.62,0.9,171,0.634,0
604,154,48.28,12.02,1.74,0.9,171,0.606,0
605,157,46.63,11.0,1.53,0.94,167,0.621,0
606,135,50.28,9.0,2.0,0.91,148,0.482,0
607,127,41.8,11.0,1.43,0.94,135,0.682,0
608,135,43.21,11.38,1.4,0.93,145,0.694,0
609,168,47.46,12.0,1.41,0.95,176,0.666,0
610,165,51.11,12.0,1.64,0.9,183,0.628,0
611,159,47.7,12.52,1.54,0.92,172,0.679,0
612,164,47.46,12.0,1.43,0.93,176,0.666,0
613,160,48.87,12.97,1.53,0.91,175,0.697,0
614,164,47.7,12.52,1.57,0.93,176,0.663,0
615,171,48.63,12.0,1.44,0.95,180,0.653,0
616,172,49.46,12.0,1.42,0.92,186,0.651,0
617,147,47.7,11.63,1.6,0.89,165,0.633,0
618,170,49.7,12.42,1.57,0.93,182,0.626,0
619,148,46.28,11.93,1.6,0.91,162,0.647,0
620,168,50.28,12.07,1.73,0.92,182,0.596,0
621,138,44.04,11.0,1.4,0.92,150,0.667,0
622,178,50.53,12.02,1.66,0.93,191,0.583,0
623,140,44.28,11.31,1.57,0.92,152,0.627,0
625,137,46.28,11.0,1.45,0.9,152,0.656,0
626,169,51.11,12.02,1.82,0.92,183,0.57,0
628,170,48.87,13.0,1.47,0.92,184,0.676,0
629,162,49.6,11.71,1.66,0.88,184,0.606,0
630,127,42.87,11.63,1.42,0.9,141,0.703,0
632,120,42.04,11.09,1.54,0.9,133,0.676,0
633,153,46.87,12.0,1.52,0.91,168,0.666,0
634,136,46.53,11.64,1.6,0.89,152,0.667,0
635,161,50.63,11.0,1.69,0.91,176,0.56,0
636,124,42.87,11.31,1.47,0.9,137,0.68,0
637,134,45.46,11.31,1.66,0.91,147,0.613,0
638,154,48.87,11.8,1.77,0.89,173,0.594,0
639,156,51.36,11.31,2.01,0.87,179,0.527,0
640,113,40.63,11.18,1.37,0.9,125,0.745,0
641,146,46.87,11.07,1.62,0.91,160,0.625,0
642,160,52.18,11.31,2.02,0.88,181,0.527,0
643,185,70.67,11.57,2.75,0.77,240,0.396,0
645,170,51.11,12.73,1.73,0.91,186,0.612,0
646,140,44.38,12.73,1.4,0.94,148,0.72,0
647,322,127.05,14.1,4.75,0.54,596,0.281,1
648,155,48.04,11.0,1.54,0.93,166,0.585,0
649,166,53.7,11.25,2.06,0.88,188,0.522,0
650,150,46.28,12.02,1.55,0.92,163,0.667,0
651,150,56.53,11.37,2.13,0.79,189,0.492,0
652,150,48.77,10.88,1.84,0.88,170,0.566,0
653,127,42.28,10.61,1.56,0.92,138,0.638,0
654,136,46.28,12.02,1.59,0.88,154,0.646,0
656,208,57.11,14.21,1.68,0.89,233,0.647,0
657,177,48.53,13.0,1.32,0.93,190,0.696,0
658,170,49.94,13.04,1.5,0.9,188,0.691,0
659,154,46.87,12.02,1.59,0.93,165,0.626,0
660,178,51.7,14.0,1.52,0.91,195,0.705,0
661,171,51.11,13.44,1.42,0.89,192,0.692,0
662,152,46.63,12.0,1.35,0.93,163,0.706,0
663,154,44.87,13.0,1.24,0.93,165,0.785,0
664,167,48.28,13.44,1.41,0.92,181,0.723,0
665,169,50.28,12.0,1.49,0.9,187,0.628,0
666,178,53.94,12.69,1.64,0.89,200,0.646,0
667,143,44.28,12.0,1.35,0.91,157,0.702,0
668,158,47.21,11.0,1.6,0.95,166,0.61,0
669,147,47.11,13.42,1.27,0.89,165,0.818,0
670,135,44.28,12.0,1.41,0.89,151,0.702,0
671,168,49.7,12.03,1.59,0.9,186,0.634,0
672,133,44.28,12.0,1.14,0.91,146,0.786,0
673,160,46.63,12.0,1.36,0.94,170,0.687,0
675,348,122.37,18.0,3.22,0.55,632,0.427,1
676,181,53.21,12.74,1.54,0.92,196,0.589,0
678,328,120.81,15.03,3.92,0.55,596,0.317,1
679,156,48.87,12.13,1.62,0.9,173,0.615,0
680,286,108.33,12.52,5.37,0.64,446,0.282,1
681,329,117.3,12.76,6.18,0.63,522,0.251,1
682,368,137.78,13.6,6.06,0.57,645,0.24,1
683,420,157.05,13.99,6.72,0.52,807,0.217,1
684,282,99.15,12.87,4.48,0.72,391,0.306,1
685,360,130.27,13.27,5.76,0.58,620,0.237,1
686,405,148.95,12.81,7.76,0.59,686,0.205,1
687,296,98.67,13.33,4.26,0.71,416,0.324,1
688,369,135.24,12.85,7.08,0.61,604,0.219,1
689,388,132.61,20.15,3.38,0.53,732,0.419,1
690,257,90.23,13.04,3.35,0.69,372,0.381,1
691,220,76.08,12.44,2.8,0.77,285,0.374,0
692,335,121.2,13.35,5.46,0.58,577,0.254,1
693,340,119.88,13.96,5.54,0.62,548,0.274,1
694,261,91.3,11.98,4.89,0.73,357,0.291,1
695,364,130.95,16.02,4.09,0.52,700,0.317,1
697,305,130.12,15.25,5.34,0.48,635,0.293,1
698,287,92.33,14.14,2.9,0.72,398,0.421,1
699,259,83.01,13.55,3.19,0.72,359,0.412,1
700,365,145.82,12.91,7.01,0.53,688,0.212,1
701,256,92.81,11.31,4.66,0.73,350,0.274,1
702,398,145.44,21.74,3.31,0.49,812,0.415,1
703,374,128.85,19.01,3.27,0.56,667,0.413,1
704,404,145.44,16.75,4.49,0.56,721,0.285,1
705,368,118.95,13.56,4.72,0.7,525,0.281,1
706,429,155.44,24.42,2.86,0.43,997,0.451,1
707,318,89.6,12.0,3.54,0.84,378,0.33,1
708,394,146.61,19.46,3.81,0.44,895,0.333,1
709,353,119.05,14.38,4.08,0.63,560,0.317,1
710,365,141.54,12.08,7.57,0.58,629,0.203,1
711,398,145.68,14.41,5.59,0.58,686,0.244,1
713,299,101.88,13.23,4.36,0.69,433,0.306,1
714,312,107.05,12.73,4.93,0.68,458,0.275,1
715,159,58.63,11.0,1.61,0.81,196,0.498,0
716,314,119.05,12.93,6.02,0.68,461,0.251,1
719,382,127.1,12.1,6.36,0.7,545,0.217,1
720,186,59.6,12.0,1.81,0.85,218,0.498,0
721,335,135.88,22.66,2.49,0.46,728,0.506,1
722,163,47.46,12.0,1.51,0.94,173,0.666,0
723,162,51.46,12.4,1.57,0.91,178,0.601,0
724,412,144.27,18.7,4.29,0.5,824,0.32,1
725,362,129.44,13.8,6.5,0.62,583,0.24,1
727,336,117.74,14.23,4.16,0.64,525,0.333,1
729,433,161.82,11.63,9.1,0.61,709,0.165,1
730,150,46.28,12.73,1.41,0.89,168,0.729,0
731,350,131.78,15.51,4.69,0.54,648,0.302,1
732,380,151.3,13.25,7.37,0.52,730,0.208,1
733,205,75.74,12.16,3.07,0.69,297,0.425,1
734,409,155.78,13.75,6.34,0.53,771,0.207,1
735,252,92.33,13.92,3.15,0.63,400,0.417,1
736,319,108.47,17.69,2.7,0.64,498,0.446,1
737,220,77.84,12.96,3.32,0.75,293,0.385,1
738,308,124.27,17.64,3.97,0.5,616,0.397,1
739,411,159.72,22.37,3.62,0.42,978,0.382,1
740,406,155.24,11.98,8.43,0.57,712,0.181,1
741,302,95.15,13.76,3.98,0.74,408,0.334,1
742,392,142.41,12.76,7.46,0.61,642,0.209,1
743,398,125.64,18.34,3.91,0.59,674,0.395,1
747,429,165.2,19.99,4.24,0.49,875,0.349,1
748,152,46.53,12.6,1.4,0.91,167,0.733,0
749,423,165.68,27.36,2.4,0.44,961,0.524,1
750,318,114.12,13.38,5.5,0.68,467,0.274,1
751,332,120.61,13.17,5.32,0.59,562,0.255,1
752,328,110.71,13.1,4.82,0.64,512,0.276,1
753,370,140.75,18.83,4.17,0.51,725,0.375,1
755,234,69.36,16.32,1.74,0.82,285,0.657,0
757,380,139.34,16.51,4.09,0.57,666,0.303,1
758,200,61.84,16.0,1.45,0.83,240,0.754,0
759,169,69.6,12.68,3.04,0.73,231,0.434,1
760,145,47.21,11.96,1.4,0.9,161,0.676,0
761,152,48.28,13.44,1.38,0.89,170,0.731,0
762,180,54.53,12.0,1.68,0.89,202,0.588,0
763,157,49.36,12.0,1.56,0.9,174,0.651,0
764,178,53.36,12.44,1.74,0.89,200,0.598,0
765,187,55.11,12.73,1.86,0.9,207,0.558,0
766,361,119.3,21.17,2.83,0.58,622,0.515,1
768,156,49.46,11.71,1.63,0.9,173,0.617,0
773,350,124.61,17.51,4.26,0.56,624,0.372,1
774,459,161.2,21.27,4.2,0.49,936,0.359,1
775,291,103.3,13.23,4.87,0.62,469,0.301,1
776,300,114.47,12.85,5.53,0.6,500,0.258,1
778,285,102.91,12.58,4.64,0.69,413,0.294,1
779,301,102.33,13.01,4.17,0.64,470,0.33,1
781,357,112.33,12.89,4.92,0.73,489,0.264,1
782,352,132.95,15.74,5.2,0.51,690,0.303,1
784,308,105.25,11.47,4.43,0.72,427,0.284,1
785,363,130.95,13.04,6.53,0.66,550,0.228,1
787,344,109.74,14.02,4.07,0.71,484,0.312,1
788,357,127.44,22.49,2.73,0.55,649,0.506,1
790,171,52.28,13.0,1.5,0.89,192,0.66,0
791,384,129.54,26.18,2.17,0.58,662,0.646,1
792,391,141.78,18.03,5.19,0.54,724,0.322,1
793,277,85.25,13.0,3.62,0.82,337,0.36,1
794,331,116.12,18.6,3.17,0.56,591,0.446,1
795,358,135.44,13.25,5.87,0.56,639,0.231,1
796,187,52.04,12.0,1.63,0.94,198,0.593,0
797,340,111.6,24.74,1.75,0.63,539,0.719,1
798,245,78.43,13.7,2.87,0.76,322,0.44,1
799,359,130.02,18.38,4.08,0.52,690,0.386,1
800,299,103.64,12.59,4.15,0.69,433,0.299,1
801,303,105.64,13.33,4.72,0.67,452,0.297,1
802,333,100.08,12.95,4.1,0.77,432,0.321,1
803,398,140.47,13.64,6.04,0.58,686,0.233,1
804,268,101.98,14.2,3.24,0.65,412,0.348,1
805,397,141.2,24.53,2.17,0.54,735,0.553,1
806,398,142.85,25.15,2.01,0.52,765,0.538,1
807,370,134.02,18.69,3.42,0.51,725,0.362,1
808,289,88.43,12.0,3.4,0.81,356,0.344,1
809,252,77.01,13.29,2.84,0.81,311,0.415,0
811,423,138.81,13.25,7.03,0.68,622,0.224,1
812,350,130.71,15.55,4.82,0.55,636,0.31,1
813,242,82.53,12.0,3.53,0.77,314,0.341,1
814,300,120.57,13.15,5.53,0.58,517,0.255,1
815,173,50.53,12.07,1.7,0.92,188,0.608,0
816,340,116.33,12.89,4.9,0.66,515,0.267,1
817,335,121.88,22.3,1.78,0.64,523,0.623,1
818,265,101.64,13.46,4.11,0.67,395,0.322,1
819,232,78.08,13.11,3.1,0.76,305,0.418,1
820,121,47.46,10.0,2.12,0.85,142,0.508,0
821,299,101.3,14.14,3.96,0.65,460,0.347,1
822,151,47.7,12.87,1.25,0.88,171,0.768,0
823,397,147.54,15.17,6.5,0.55,721,0.244,1
824,312,88.08,14.62,3.19,0.75,416,0.395,1
825,124,47.7,10.92,1.68,0.84,147,0.61,0
826,161,51.11,12.02,1.7,0.89,180,0.61,0
827,374,117.98,17.27,3.53,0.6,623,0.373,1
828,320,117.88,13.34,4.47,0.61,524,0.269,1
829,291,101.98,12.33,4.53,0.69,421,0.291,1
830,327,115.05,15.29,3.76,0.56,583,0.353,1
831,169,51.11,12.7,1.54,0.9,187,0.644,0
834,143,46.53,12.0,1.31,0.89,160,0.716,0
835,170,51.36,14.85,1.11,0.89,191,0.808,0
836,287,107.3,15.83,3.3,0.59,486,0.431,1
837,124,42.87,12.81,1.12,0.88,140,0.868,0
838,149,46.63,13.0,1.35,0.94,158,0.705,0
839,314,105.98,13.55,4.4,0.69,455,0.31,1
841,275,99.4,15.46,3.2,0.65,423,0.384,1
842,222,69.94,12.75,2.56,0.82,270,0.467,1
843,170,52.28,10.89,1.93,0.9,188,0.534,0
844,143,56.18,11.21,2.3,0.8,178,0.499,0
845,104,43.7,9.8,1.73,0.82,126,0.598,0
848,363,134.81,13.21,6.03,0.6,605,0.236,1
849,339,126.71,14.0,4.45,0.62,546,0.312,1
851,317,108.81,15.28,3.96,0.59,537,0.365,1
852,263,96.33,13.18,4.16,0.63,417,0.334,1
854,123,40.87,11.88,1.29,0.92,133,0.78,0
855,312,112.81,14.12,4.74,0.59,528,0.294,1
856,265,99.4,12.07,4.36,0.72,368,0.29,1
857,374,134.95,17.8,3.95,0.56,667,0.354,1
859,258,89.74,12.02,3.93,0.71,363,0.323,1
860,303,97.88,11.31,4.69,0.81,374,0.261,1
861,350,116.47,12.4,5.49,0.69,507,0.246,1
862,339,117.2,19.0,2.75,0.55,616,0.448,1
863,261,100.23,11.57,4.98,0.66,395,0.271,1
864,334,136.61,15.49,5.17,0.49,681,0.288,1
865,299,107.54,12.73,5.2,0.67,446,0.28,1
866,356,130.33,13.58,6.28,0.6,593,0.247,1
867,384,132.95,18.33,3.58,0.53,724,0.347,1
868,388,129.98,13.83,5.12,0.62,625,0.258,1
869,369,135.44,14.14,5.76,0.57,647,0.247,1
870,365,119.2,13.88,4.61,0.62,588,0.279,1
871,329,102.91,12.97,3.92,0.76,432,0.318,1
872,303,109.68,12.71,5.12,0.63,480,0.272,1
873,359,131.78,14.04,5.45,0.55,652,0.258,1
874,269,101.64,15.65,3.43,0.59,455,0.398,1
875,331,130.95,14.75,4.84,0.56,591,0.284,1
876,344,132.12,13.54,5.81,0.55,625,0.246,1
877,330,118.81,11.84,5.33,0.68,485,0.244,1
878,344,133.1,15.27,4.24,0.53,649,0.299,1
879,360,117.88,13.12,4.4,0.7,514,0.274,1
880,330,122.71,17.81,3.33,0.55,600,0.424,1
881,226,77.25,13.04,3.36,0.72,313,0.41,1
882,306,113.3,12.91,5.51,0.68,449,0.272,1
883,341,113.05,17.65,3.61,0.58,587,0.423,1
884,264,86.33,13.15,3.4,0.73,361,0.384,1
886,302,113.64,15.41,3.28,0.57,529,0.383,1
887,319,111.3,15.3,4.12,0.68,469,0.343,1
888,311,109.64,12.72,5.17,0.61,509,0.281,1
891,410,143.1,22.04,2.77,0.55,745,0.493,1
892,347,127.74,12.33,6.77,0.61,568,0.227,1
893,351,119.15,20.49,3.13,0.55,638,0.498,1
894,308,105.3,12.73,4.29,0.7,440,0.312,1
895,393,134.95,16.39,4.37,0.55,714,0.306,1
896,373,144.12,21.46,2.77,0.52,717,0.456,1
897,158,50.87,11.63,1.87,0.89,177,0.582,0
898,246,91.01,13.05,3.42,0.71,346,0.343,1
899,340,125.64,12.92,5.44,0.64,531,0.251,1
900,322,110.37,11.51,5.48,0.68,473,0.25,1
902,245,90.08,13.23,3.75,0.69,355,0.36,1
903,387,144.65,18.16,3.64,0.49,789,0.338,1
904,178,49.11,13.0,1.44,0.93,191,0.685,0
905,419,142.85,16.5,4.88,0.62,675,0.307,1
906,380,132.61,20.18,3.19,0.53,716,0.457,1
907,337,132.02,13.68,5.98,0.52,648,0.248,1
908,167,52.43,14.14,1.41,0.87,191,0.769,0
909,258,85.98,11.31,4.28,0.75,344,0.306,1
910,305,92.81,17.44,2.01,0.74,412,0.581,1
911,318,116.23,16.76,2.74,0.58,548,0.439,1
912,355,123.78,14.65,4.58,0.59,601,0.293,1
913,201,67.84,12.2,2.7,0.78,257,0.453,0
914,348,134.27,14.14,6.52,0.57,610,0.256,1
915,342,97.98,15.65,3.14,0.7,488,0.416,1
916,312,102.81,13.81,4.39,0.64,487,0.327,1
917,347,119.88,14.91,4.27,0.6,578,0.316,1
918,364,153.44,13.53,7.0,0.48,758,0.219,1
919,279,89.25,12.66,3.36,0.75,372,0.362,1
920,277,104.33,14.24,3.55,0.61,454,0.347,1
921,399,160.75,19.23,3.88,0.47,848,0.324,1
922,325,143.1,20.25,3.3,0.45,722,0.376,1
923,297,126.95,14.85,4.58,0.5,594,0.327,1
924,394,141.2,21.1,2.94,0.51,772,0.432,1
925,308,120.12,11.7,6.44,0.66,466,0.226,1
926,321,122.61,23.62,1.73,0.57,563,0.666,1
927,321,121.44,15.54,3.7,0.55,583,0.343,1
928,290,96.08,12.98,4.0,0.73,397,0.328,1
929,362,136.61,17.62,3.92,0.51,709,0.357,1
931,207,83.5,14.14,2.67,0.64,323,0.462,1
932,266,96.23,12.76,4.56,0.67,397,0.322,1
933,239,91.5,13.99,3.36,0.59,405,0.393,1
934,340,126.61,17.02,4.38,0.57,596,0.362,1
935,176,71.84,14.13,2.35,0.68,258,0.51,0
936,275,97.5,12.56,4.04,0.66,416,0.318,1
937,363,146.27,14.4,6.15,0.5,726,0.238,1
938,253,95.4,13.53,3.71,0.63,401,0.378,1
939,267,110.95,13.2,4.25,0.55,485,0.283,1
940,335,116.47,17.38,3.22,0.57,587,0.383,1
941,225,78.18,12.0,3.7,0.75,300,0.37,1
942,262,83.25,12.84,3.29,0.77,340,0.372,1
943,340,133.34,12.97,6.75,0.61,557,0.232,1
944,304,116.23,16.14,3.35,0.53,573,0.364,1
946,324,108.08,12.29,5.05,0.7,462,0.272,1
947,179,56.53,11.96,1.86,0.9,198,0.548,0
948,431,159.54,13.11,7.33,0.57,756,0.201,1
949,310,114.95,11.85,6.44,0.65,476,0.237,1
950,318,104.81,13.87,4.13,0.64,496,0.325,1
951,300,106.12,13.85,4.64,0.61,491,0.335,1
952,142,48.04,12.97,1.44,0.91,156,0.697,0
954,412,137.68,15.01,5.89,0.57,722,0.268,1
955,394,130.17,24.41,2.27,0.53,743,0.567,1
956,274,97.98,13.97,3.44,0.62,441,0.363,1
957,344,123.88,13.04,5.41,0.58,593,0.251,1
958,389,127.1,18.9,3.15,0.59,659,0.412,1
959,367,136.12,25.15,2.07,0.52,705,0.569,1
960,255,94.08,12.94,4.22,0.66,386,0.321,1
961,319,123.3,13.71,5.34,0.56,569,0.274,1
962,387,136.51,14.61,5.77,0.57,678,0.262,1
963,277,98.47,12.51,4.89,0.68,407,0.293,1
965,373,137.88,15.47,4.83,0.51,731,0.281,1
967,286,94.33,13.56,3.73,0.69,414,0.375,1
968,347,124.23,17.91,3.24,0.54,642,0.396,1
969,394,115.64,18.68,3.26,0.67,588,0.434,1
970,131,47.11,11.67,1.62,0.87,150,0.635,0
971,263,100.57,13.41,4.38,0.66,398,0.333,1
972,381,119.3,18.52,3.04,0.65,586,0.428,1
973,151,47.46,12.2,1.6,0.91,165,0.656,0
974,275,90.57,13.08,3.23,0.73,376,0.385,1
975,331,112.37,13.04,5.21,0.65,509,0.27,1
976,376,122.12,18.64,3.26,0.56,671,0.398,1
978,298,106.12,13.0,4.98,0.63,473,0.291,1
979,294,94.23,15.14,3.22,0.67,438,0.426,1
980,306,109.3,19.18,2.75,0.61,501,0.467,1
981,222,71.01,12.15,3.04,0.8,277,0.398,0
982,384,141.05,23.26,2.42,0.5,768,0.498,1
983,417,117.3,14.16,4.41,0.74,563,0.281,1
984,325,104.57,14.24,4.0,0.71,457,0.322,1
985,292,95.74,12.7,4.13,0.7,417,0.318,1
986,338,107.15,16.64,3.32,0.63,536,0.394,1
987,352,131.98,12.64,6.76,0.65,541,0.223,1
989,311,112.95,12.88,4.93,0.69,450,0.272,1
990,173,49.94,13.42,1.52,0.92,188,0.695,0
991,230,68.77,12.48,2.71,0.83,277,0.436,0
992,280,98.81,14.53,3.52,0.63,444,0.371,1
993,319,115.88,14.7,4.43,0.57,559,0.332,1
994,297,105.88,11.51,5.66,0.66,450,0.25,1
995,159,49.11,11.63,1.73,0.9,176,0.599,0
996,153,51.11,11.47,1.86,0.86,177,0.594,0
997,337,114.02,15.01,4.42,0.62,543,0.346,1
998,358,121.1,21.22,2.54,0.58,617,0.528,1
1000,211,69.01,12.56,2.83,0.78,270,0.438,0
1001,431,150.27,29.35,1.99,0.54,798,0.729,1
1002,337,111.64,13.8,4.55,0.64,526,0.305,1
1003,358,137.1,15.33,5.8,0.54,662,0.267,1
1004,334,114.61,23.77,1.78,0.62,538,0.685,1
1006,150,48.87,12.0,1.58,0.89,168,0.633,0
1008,382,128.61,16.63,4.36,0.6,636,0.339,1
1009,144,49.46,11.64,1.62,0.84,171,0.633,0
1010,394,133.34,13.16,6.49,0.63,625,0.229,1
1011,289,97.4,12.45,4.18,0.65,444,0.308,1
1012,292,88.08,15.66,3.15,0.71,411,0.441,1
1013,242,82.33,12.48,3.42,0.71,340,0.387,1
1014,317,111.44,14.1,4.96,0.6,528,0.32,1
1016,305,115.4,13.67,4.7,0.6,508,0.314,1
1017,145,51.11,11.93,1.62,0.84,172,0.589,0
1018,379,130.61,16.1,4.13,0.58,653,0.31,1
1020,356,118.23,19.51,2.85,0.61,583,0.49,1
1021,321,118.02,12.62,5.11,0.65,493,0.252,1
1022,274,81.74,12.73,3.02,0.8,342,0.379,1
1023,212,75.74,11.06,3.78,0.76,278,0.341,1
1024,154,48.28,13.1,1.34,0.88,175,0.782,0
1025,289,89.84,14.55,3.13,0.73,395,0.396,1
1026,155,47.11,11.91,1.54,0.91,170,0.648,0
1027,154,50.28,12.33,1.68,0.86,179,0.653,0
1028,149,51.94,11.68,1.81,0.85,175,0.581,0
1030,316,122.37,13.44,5.68,0.56,564,0.26,1
1031,335,143.82,12.54,7.05,0.5,670,0.216,1
1032,183,55.36,12.83,1.71,0.89,205,0.605,0
1034,289,103.88,19.84,2.49,0.59,489,0.577,1
1035,324,121.15,16.14,3.7,0.56,578,0.38,1
1036,166,66.18,11.63,2.67,0.76,218,0.418,0
1037,117,42.53,10.61,1.6,0.84,139,0.671,0
1052,209,63.6,13.58,1.94,0.81,258,0.582,0
1055,443,146.27,28.4,1.79,0.54,820,0.629,1
1056,258,89.74,13.31,3.61,0.68,379,0.363,1
1057,102,40.97,8.0,2.03,0.92,110,0.485,0
1059,240,100.67,11.33,4.19,0.62,387,0.309,1
1060,339,135.92,18.6,3.06,0.51,664,0.403,1
1061,352,149.44,17.24,3.93,0.45,782,0.301,1
1062,190,74.77,11.38,3.04,0.7,271,0.368,0
1064,217,82.91,11.71,4.05,0.68,319,0.336,1
1065,255,85.15,12.45,3.66,0.78,326,0.352,1
1068,172,65.11,10.0,3.16,0.84,204,0.359,0
1069,261,100.23,13.1,4.32,0.67,389,0.309,1
1070,122,43.21,9.86,1.83,0.9,135,0.565,0
1073,311,122.23,13.9,4.2,0.62,501,0.307,1
1074,142,48.53,11.67,1.83,0.89,159,0.58,0
1075,299,109.01,12.74,4.82,0.61,490,0.3,1
1076,241,91.74,13.5,3.21,0.62,388,0.382,1
1078,352,113.88,18.93,2.86,0.63,558,0.455,1
1079,124,42.87,11.71,1.4,0.88,140,0.741,0
1080,155,51.94,12.18,1.65,0.85,182,0.609,0
1081,337,115.15,13.0,5.03,0.63,534,0.271,1
1082,126,43.46,10.29,1.7,0.92,136,0.602,0
1084,218,86.67,12.61,3.73,0.69,315,0.362,1
1085,328,129.3,15.44,4.53,0.52,630,0.303,1
1087,236,112.67,9.94,6.5,0.57,414,0.218,1
1089,282,114.61,17.44,2.91,0.51,552,0.424,1
1090,339,133.2,25.14,1.82,0.52,651,0.637,1
1091,255,115.88,13.89,4.6,0.53,481,0.317,1
1092,130,42.53,11.31,1.43,0.9,144,0.715,0
1094,268,104.33,12.15,5.01,0.64,418,0.269,1
1095,360,160.85,14.0,6.15,0.55,654,0.225,1
1096,278,96.23,12.24,3.78,0.72,386,0.302,1
1098,131,82.43,8.42,6.54,0.53,247,0.245,1
1100,288,124.37,12.69,4.89,0.56,514,0.254,1
1101,312,112.81,15.49,3.6,0.62,503,0.374,1
1103,146,48.28,12.73,1.66,0.86,169,0.666,0
1104,216,79.01,12.0,3.11,0.72,300,0.402,1
1105,253,98.71,12.02,5.12,0.66,383,0.277,1
1106,150,50.28,10.29,2.11,0.9,166,0.49,0
1107,290,108.57,11.0,5.5,0.68,426,0.247,1
1109,279,112.37,16.85,3.37,0.53,526,0.391,1
1110,151,49.94,12.73,1.56,0.88,171,0.69,0
1111,302,116.12,12.15,4.74,0.61,495,0.257,1
1114,275,85.74,14.4,3.19,0.76,361,0.399,1
1115,316,105.78,13.01,4.5,0.75,421,0.281,1
1116,290,99.3,12.86,4.64,0.71,408,0.299,1
1117,257,112.71,10.63,6.66,0.63,407,0.222,1
1118,214,66.18,14.84,1.79,0.81,264,0.609,0
1119,118,39.8,10.0,1.46,0.94,125,0.655,0
1121,205,76.43,12.11,3.39,0.71,288,0.383,1
1122,490,192.89,27.58,3.93,0.41,1195,0.409,1
1123,275,101.5,15.16,3.48,0.61,450,0.387,1
1124,297,108.81,15.2,3.47,0.6,495,0.37,1
1126,240,89.5,13.22,3.8,0.64,375,0.369,1
1127,143,45.94,12.73,1.34,0.9,158,0.765,0
1128,219,79.6,12.0,3.18,0.79,277,0.356,1
1129,320,108.57,12.42,4.84,0.72,444,0.28,1
1130,159,75.01,14.6,1.84,0.64,248,0.551,0
1131,150,50.28,11.0,1.72,0.91,164,0.597,0
1132,209,67.01,13.86,2.03,0.81,258,0.542,0
1135,195,65.25,12.73,2.29,0.83,234,0.468,0
1136,230,68.08,13.59,2.45,0.82,280,0.491,0
1139,227,67.84,14.0,2.04,0.82,276,0.553,0
1140,172,55.94,11.68,2.17,0.86,200,0.499,0
1141,224,81.5,12.0,2.8,0.74,302,0.395,0
1143,231,75.6,13.0,2.53,0.77,300,0.487,0
1144,224,77.84,14.21,2.67,0.73,306,0.467,1
1145,245,77.84,13.0,2.73,0.8,306,0.442,0
1146,235,80.43,13.81,3.03,0.78,301,0.424,1
1147,243,92.23,12.17,3.75,0.7,347,0.348,1
1148,232,79.25,13.44,3.05,0.75,309,0.421,1
1151,234,74.67,14.64,2.18,0.8,292,0.522,1
1152,314,96.43,12.23,4.1,0.78,402,0.293,1
1154,384,113.54,15.2,4.17,0.66,581,0.34,1
1156,179,58.77,11.93,2.31,0.85,210,0.493,0
1157,232,71.84,12.97,2.68,0.82,282,0.432,0
1158,276,85.74,13.4,3.11,0.74,372,0.399,1
1159,240,81.25,12.0,2.95,0.77,311,0.375,1
1160,188,75.84,13.43,2.64,0.68,276,0.479,1
1161,270,96.67,15.21,3.4,0.65,415,0.404,1
1162,259,83.6,11.88,3.93,0.8,323,0.332,1
1163,243,77.6,13.71,2.63,0.79,307,0.448,0
1164,292,89.74,14.11,3.29,0.75,389,0.384,1
1165,295,100.08,12.0,4.12,0.73,404,0.291,1
1166,242,79.98,14.8,2.3,0.77,314,0.485,0
1167,269,90.08,15.45,2.81,0.68,395,0.446,1
1168,252,76.33,15.0,2.36,0.78,323,0.52,1
1169,254,84.77,12.79,3.25,0.81,313,0.351,1
1170,227,73.84,13.3,2.63,0.8,283,0.447,1
1171,177,62.77,13.28,2.3,0.79,224,0.53,1
1172,292,87.01,13.23,3.53,0.78,374,0.366,1
1173,249,83.5,12.65,3.44,0.72,345,0.367,1
1174,253,71.01,13.66,2.16,0.85,297,0.507,0
1175,255,79.84,12.0,3.16,0.84,303,0.358,1
1176,243,78.18,12.55,3.12,0.82,296,0.404,1
1177,211,64.53,14.01,1.72,0.83,254,0.579,0
1178,251,78.33,15.81,2.48,0.75,334,0.504,1
1179,224,69.94,12.0,2.5,0.85,263,0.437,1
1180,244,80.08,14.69,2.31,0.7,348,0.489,1
1182,206,69.25,15.7,1.36,0.83,248,0.729,0
1184,216,70.77,14.0,1.8,0.81,266,0.566,0
1185,279,84.91,13.59,3.05,0.8,348,0.377,1
1186,212,59.7,12.96,1.76,0.89,238,0.577,0
1187,174,53.11,12.0,1.7,0.91,191,0.575,0
1188,227,74.67,14.55,2.1,0.8,283,0.514,0
1189,243,73.98,12.69,3.11,0.8,303,0.406,1
1190,137,48.53,11.98,1.62,0.84,163,0.656,0
1191,147,46.87,12.02,1.58,0.91,161,0.646,0
1192,142,47.36,13.8,1.11,0.86,165,0.882,0
1193,188,56.53,14.0,1.53,0.87,216,0.679,0
1194,215,74.53,11.67,3.35,0.8,268,0.376,1
1195,158,59.84,13.31,1.78,0.76,207,0.609,0
1196,274,93.15,12.23,4.15,0.78,351,0.312,1
1197,270,83.25,13.16,3.15,0.78,346,0.388,1
1198,179,52.18,14.14,1.25,0.87,205,0.749,0
1199,180,51.11,13.0,1.51,0.93,193,0.653,0
1201,293,86.77,12.55,3.06,0.82,357,0.368,1
1203,250,78.18,13.31,2.76,0.76,328,0.44,0
1204,154,49.94,13.0,1.35,0.88,175,0.712,0
1206,318,89.25,13.6,3.31,0.83,383,0.353,1
1207,229,97.64,12.13,3.58,0.72,318,0.345,1
1208,260,72.77,13.0,2.23,0.86,302,0.442,0
1209,259,83.4,14.18,3.13,0.77,336,0.415,1
1210,233,74.18,14.0,2.17,0.81,287,0.497,0
1211,261,70.43,14.45,1.96,0.84,310,0.549,0
1212,268,81.6,14.14,2.9,0.79,339,0.43,1
1215,256,73.6,13.32,2.49,0.84,304,0.429,0
1216,260,73.84,15.4,2.13,0.82,317,0.56,0
1217,233,67.6,13.0,2.21,0.86,270,0.48,0
1218,215,64.43,13.89,1.73,0.87,247,0.571,0
1219,181,54.53,13.0,1.77,0.91,198,0.593,0
1220,169,48.87,14.0,1.18,0.92,183,0.819,0
1222,231,72.67,15.34,1.98,0.75,308,0.553,0
1223,186,57.94,13.58,1.5,0.86,216,0.65,0
1224,260,70.18,15.52,1.96,0.87,298,0.55,0
1225,319,105.05,16.69,3.07,0.64,498,0.455,1
1226,239,92.23,14.34,3.36,0.62,385,0.433,1
1227,182,63.36,12.97,2.06,0.79,230,0.54,0
1228,359,121.3,20.95,3.13,0.56,641,0.481,1
1230,237,75.01,12.0,2.76,0.8,296,0.399,1
1231,167,48.87,13.0,1.46,0.92,181,0.721,0
1232,272,101.05,17.93,2.51,0.6,453,0.537,1
1233,277,90.33,14.92,3.0,0.72,384,0.401,1
1235,321,97.15,14.52,3.41,0.7,458,0.362,1
1236,310,103.88,14.88,3.74,0.62,500,0.367,1
1237,303,100.23,14.9,3.15,0.66,459,0.415,1
1238,155,49.46,11.7,1.64,0.9,172,0.568,0
1239,316,124.47,14.44,5.37,0.54,585,0.289,1
1240,292,104.23,15.23,3.43,0.58,503,0.378,1
1241,299,106.23,13.13,4.35,0.65,460,0.321,1
1242,282,99.84,12.94,4.74,0.66,427,0.298,1
1243,296,98.23,12.19,4.62,0.67,441,0.292,1
1244,256,84.67,12.0,3.25,0.79,324,0.349,1
1245,391,135.2,23.5,2.19,0.59,662,0.576,1
1246,318,111.05,15.56,3.43,0.61,521,0.356,1
1249,319,107.3,14.79,3.7,0.65,490,0.362,1
1250,354,118.47,17.95,3.1,0.61,580,0.413,1
1251,426,132.27,20.9,3.31,0.58,734,0.432,1
1252,299,107.15,14.83,4.23,0.62,482,0.354,1
1253,303,108.57,13.73,3.8,0.63,480,0.338,1
1254,357,128.71,18.31,3.42,0.52,686,0.359,1
1255,295,103.5,12.02,5.07,0.72,409,0.273,1
1256,280,90.33,13.16,3.56,0.76,368,0.352,1
1257,341,113.05,13.58,4.85,0.69,494,0.292,1
1258,321,106.23,13.27,4.37,0.68,472,0.306,1
1259,340,116.27,11.44,5.63,0.68,499,0.237,1
1260,205,75.5,12.57,3.22,0.72,284,0.411,1
1261,304,106.71,14.67,3.34,0.64,475,0.363,1
1262,234,72.43,12.0,2.59,0.82,285,0.412,0
1263,263,104.37,11.8,5.46,0.64,410,0.259,1
1264,414,150.51,16.03,4.85,0.56,739,0.26,1
1265,378,130.37,17.08,3.77,0.55,687,0.349,1
1266,318,103.5,15.11,3.44,0.64,496,0.375,1
1269,271,88.57,14.85,3.36,0.7,387,0.411,1
1270,351,125.05,13.98,5.14,0.62,566,0.283,1
1271,211,71.25,13.66,2.36,0.75,281,0.517,0
1272,375,125.98,19.89,3.37,0.56,669,0.427,1
1274,307,116.95,13.09,5.69,0.64,479,0.269,1
1275,333,113.3,16.05,3.91,0.6,555,0.37,1
1276,295,99.15,12.95,4.64,0.71,415,0.308,1
1277,274,103.3,12.34,5.18,0.61,449,0.292,1
1278,284,99.15,14.08,3.73,0.62,458,0.345,1
1279,369,136.33,12.2,7.17,0.59,625,0.213,1
1280,273,78.67,13.86,2.95,0.81,337,0.421,1
1281,332,118.71,18.53,3.45,0.59,562,0.441,1
1283,353,119.98,13.86,4.3,0.62,569,0.29,1
1284,341,124.47,16.08,3.66,0.57,598,0.324,1
1285,382,138.12,19.68,3.32,0.54,707,0.37,1
1286,313,103.15,13.33,3.99,0.64,489,0.333,1
1288,316,110.91,18.4,2.31,0.6,526,0.495,1
1289,167,49.7,12.73,1.53,0.92,181,0.641,0
1290,286,101.05,12.98,4.17,0.68,420,0.299,1
1291,338,110.47,16.89,3.81,0.6,563,0.381,1
1292,350,129.3,11.97,7.06,0.65,538,0.22,1
1293,227,79.6,12.0,3.49,0.75,302,0.361,1
1294,311,117.4,12.71,5.0,0.62,501,0.258,1
1295,179,60.18,13.42,1.64,0.83,215,0.625,0
1296,142,48.77,12.52,1.44,0.86,165,0.707,0
1297,187,72.33,12.03,2.44,0.73,256,0.44,0
1298,292,109.5,18.69,3.04,0.56,521,0.499,1
1300,254,88.91,11.75,3.88,0.73,347,0.32,1
1301,270,93.5,15.26,2.61,0.66,409,0.462,1
1302,260,95.5,13.21,3.03,0.69,376,0.403,1
1303,297,103.05,12.07,5.13,0.72,412,0.267,1
1304,202,65.84,11.93,2.89,0.85,237,0.406,0
1305,227,67.7,12.0,2.48,0.87,260,0.43,0
1306,250,74.67,15.11,2.17,0.78,320,0.534,0
1307,284,87.5,13.73,3.39,0.78,364,0.387,1
1308,319,113.64,19.35,2.62,0.53,601,0.486,1
1309,306,92.43,12.0,3.66,0.84,364,0.32,1
1310,182,61.36,12.73,2.23,0.84,216,0.509,0
1311,213,67.01,12.97,2.44,0.81,262,0.472,0
1314,269,100.33,16.0,2.95,0.61,440,0.474,1
1315,336,116.37,16.3,3.9,0.58,579,0.36,1
1317,324,108.91,16.73,3.09,0.63,514,0.42,1
1318,329,106.57,16.59,3.19,0.63,522,0.41,1
1319,163,50.28,12.33,1.55,0.9,181,0.613,0
1320,285,92.91,14.7,3.45,0.67,425,0.392,1
1322,238,85.4,12.52,3.6,0.72,330,0.368,1
1323,275,93.5,14.49,3.41,0.69,398,0.388,1
1324,166,50.04,13.91,1.27,0.92,180,0.754,0
1325,334,121.2,12.35,5.26,0.64,521,0.245,1
1326,258,93.98,13.28,3.53,0.64,403,0.363,1
1327,242,79.6,12.09,3.45,0.8,302,0.364,1
1328,196,76.08,12.65,2.43,0.77,254,0.439,0
1329,365,116.47,18.85,2.22,0.69,528,0.513,1
1331,290,100.57,15.48,2.9,0.6,483,0.417,1
1332,306,102.67,12.78,4.0,0.66,463,0.302,1
1333,290,105.74,17.05,3.19,0.56,517,0.429,1
1334,301,105.74,18.27,2.79,0.56,537,0.485,1
1335,158,53.94,12.55,1.74,0.85,185,0.585,0
1336,287,99.74,14.74,3.68,0.61,470,0.393,1
1337,468,117.3,18.58,3.2,0.73,641,0.424,1
1338,303,113.98,12.36,4.77,0.66,459,0.258,1
1339,327,115.4,11.81,5.73,0.72,454,0.239,1
1340,356,127.54,17.91,3.62,0.52,684,0.364,1
1341,214,68.18,13.24,2.47,0.8,267,0.481,0
1343,332,120.02,14.0,5.45,0.58,572,0.283,1
1344,370,126.37,19.84,2.96,0.54,685,0.439,1
1345,263,76.77,12.0,2.96,0.85,309,0.384,0
1346,268,91.5,12.92,3.72,0.71,377,0.336,1
1347,318,116.95,18.8,3.75,0.53,600,0.437,1
1348,354,116.08,12.0,5.27,0.72,491,0.239,1
1349,138,44.28,12.07,1.35,0.9,153,0.749,0
1350,300,103.05,14.76,3.44,0.65,461,0.362,1
1351,369,135.92,20.32,3.7,0.5,738,0.428,1
1352,310,81.25,16.56,2.13,0.8,387,0.529,1
1353,248,85.5,11.63,4.33,0.76,326,0.306,1
1354,283,86.67,13.35,3.38,0.75,377,0.378,1
1355,234,93.5,11.63,4.46,0.64,365,0.295,1
1356,383,136.85,16.16,5.25,0.53,722,0.294,1
1358,288,100.57,12.52,4.74,0.69,417,0.293,1
1359,191,56.53,13.41,1.64,0.89,214,0.609,0
1360,187,55.01,12.52,1.77,0.88,212,0.581,0
1361,238,99.4,11.78,5.08,0.63,377,0.283,1
1363,302,97.98,14.58,3.39,0.66,457,0.364,1
1364,287,101.64,14.52,3.78,0.6,478,0.363,1
1365,251,83.25,11.84,3.39,0.77,325,0.351,1
1366,155,48.28,11.0,1.63,0.92,168,0.597,0
1368,309,104.95,12.52,5.03,0.69,447,0.275,1
1369,258,92.47,13.48,3.47,0.68,379,0.354,1
1370,234,82.57,14.8,2.49,0.7,334,0.494,1
1371,358,125.2,20.2,2.8,0.55,650,0.456,1
1372,304,107.05,14.24,4.16,0.65,467,0.325,1
1373,249,86.18,11.0,4.07,0.78,319,0.301,1
1374,284,110.12,12.53,4.84,0.6,473,0.28,1
1375,312,99.84,13.8,4.03,0.72,433,0.344,1
1376,241,79.84,14.31,2.9,0.73,330,0.448,1
1377,286,99.15,14.14,3.42,0.65,440,0.349,1
1378,279,100.23,12.51,4.44,0.7,398,0.29,1
1379,308,98.67,13.12,4.12,0.77,400,0.314,1
1380,273,91.6,12.84,3.11,0.77,354,0.352,1
1381,360,126.47,17.56,3.65,0.59,610,0.352,1
1382,282,80.33,13.5,2.8,0.78,361,0.427,1
1383,276,95.74,14.14,3.1,0.66,418,0.379,1
1384,185,75.5,13.66,2.33,0.67,276,0.462,0
1385,158,51.94,11.0,2.14,0.92,171,0.481,0
1387,246,91.74,11.82,3.68,0.67,367,0.338,1
1388,279,114.95,12.62,5.24,0.55,507,0.27,1
1389,219,81.15,11.92,3.42,0.72,304,0.389,1
1390,305,98.08,14.05,3.63,0.67,455,0.367,1
1391,317,108.81,14.74,3.32,0.62,511,0.364,1
1392,291,107.05,16.51,2.63,0.73,398,0.45,1
1393,266,90.57,14.86,3.13,0.67,397,0.422,1
1394,109,38.87,10.91,1.3,0.9,121,0.749,0
1395,304,128.02,13.84,5.59,0.55,552,0.262,1
1396,215,65.11,12.0,2.48,0.87,247,0.442,0
1397,134,44.04,12.02,1.3,0.91,147,0.708,0
1398,219,92.33,12.44,4.37,0.62,353,0.322,1
1399,288,94.67,15.01,3.14,0.68,423,0.395,1
1400,251,82.67,12.6,3.04,0.74,339,0.386,1
1401,261,77.5,12.64,3.28,0.79,330,0.385,1
1402,261,77.6,13.99,2.65,0.79,330,0.44,0
1403,286,106.81,12.48,4.18,0.63,453,0.304,1
1404,264,95.25,11.69,4.28,0.72,366,0.301,1
1405,212,63.94,12.0,2.19,0.86,246,0.489,0
1406,226,73.25,12.96,2.68,0.81,279,0.416,0
1407,350,123.88,22.61,1.99,0.55,636,0.567,1
1408,155,48.04,11.0,1.57,0.92,168,0.603,0
1409,399,131.3,24.7,2.42,0.51,782,0.585,1
1410,279,97.88,12.51,4.65,0.67,416,0.299,1
1411,302,105.98,13.68,4.25,0.61,495,0.309,1
1412,278,89.74,13.76,3.6,0.74,375,0.37,1
1413,319,115.05,12.49,5.19,0.66,483,0.254,1
1414,308,93.5,12.73,3.85,0.77,400,0.336,1
1415,298,107.05,16.32,3.49,0.59,505,0.429,1
1416,298,110.47,12.74,4.87,0.6,496,0.278,1
1417,320,121.5,11.34,5.95,0.69,463,0.22,1
1418,355,125.54,14.21,5.33,0.62,572,0.266,1
1419,181,62.18,11.98,2.26,0.82,220,0.468,0
1420,325,115.5,17.27,3.21,0.53,613,0.421,1
1421,353,129.05,14.96,4.81,0.57,619,0.28,1
1422,326,121.3,15.17,5.12,0.56,582,0.313,1
1424,265,84.33,12.66,3.4,0.78,339,0.367,1
1425,330,123.88,12.8,5.12,0.64,515,0.276,1
1426,286,94.18,15.3,3.25,0.67,426,0.4,1
1427,298,102.81,12.69,4.87,0.71,419,0.295,1
1428,245,88.67,12.06,3.51,0.71,345,0.336,1
1429,312,98.81,14.64,3.79,0.7,445,0.385,1
1430,339,94.81,13.87,3.23,0.79,429,0.356,1
1431,348,123.88,17.02,3.73,0.59,589,0.373,1
1433,127,45.7,12.0,1.36,0.85,149,0.744,0
1434,222,81.5,12.73,3.16,0.7,317,0.388,1
1435,307,107.05,13.81,4.01,0.61,503,0.324,1
1436,297,102.81,13.31,4.06,0.63,471,0.309,1
1437,319,103.05,13.8,4.31,0.7,455,0.313,1
1439,333,106.12,14.04,4.38,0.69,482,0.308,1
1440,240,79.74,13.44,3.31,0.75,320,0.396,1
1441,285,90.33,12.9,3.46,0.75,380,0.353,1
1442,256,92.33,12.7,3.92,0.67,382,0.336,1
1443,159,52.18,12.02,1.71,0.88,180,0.594,0
1444,300,101.98,14.93,3.47,0.64,468,0.359,1
1445,292,105.64,13.33,4.81,0.64,456,0.295,1
1446,228,76.08,13.44,3.15,0.72,316,0.432,1
1447,318,102.33,17.06,2.52,0.65,489,0.442,1
1448,322,119.54,12.46,6.42,0.63,511,0.238,1
1449,255,87.74,12.24,4.05,0.69,369,0.332,1
1450,285,90.91,13.15,3.73,0.73,390,0.355,1
1451,261,91.15,12.92,3.65,0.74,352,0.333,1
1452,188,53.46,13.0,1.54,0.92,204,0.669,0
1455,172,53.46,12.49,1.72,0.91,189,0.592,0
1459,246,93.01,11.6,4.53,0.71,346,0.3,1
1460,267,109.15,12.75,4.55,0.59,452,0.289,1
1461,231,90.43,13.65,2.95,0.65,355,0.44,1
1462,141,44.38,12.0,1.2,0.93,151,0.759,0
1463,292,109.64,15.04,3.36,0.63,463,0.384,1
1464,336,127.78,19.17,3.55,0.51,658,0.456,1
1465,267,91.98,13.26,3.82,0.72,370,0.339,1
1466,251,89.25,12.0,3.75,0.73,343,0.32,1
1467,252,89.98,12.27,4.4,0.72,350,0.322,1
1470,224,105.54,13.04,3.58,0.53,422,0.312,1
1471,263,75.94,12.0,2.92,0.87,302,0.382,0
1472,151,46.28,12.86,1.35,0.91,165,0.756,0
1474,227,78.91,12.96,3.04,0.73,310,0.405,1
1475,337,120.12,14.85,4.59,0.57,591,0.296,1
1476,152,51.11,11.38,1.58,0.88,172,0.636,0
1477,243,73.01,12.0,2.51,0.89,273,0.399,0
1479,173,56.77,12.0,1.74,0.87,198,0.537,0
1480,248,96.33,12.66,3.53,0.64,387,0.348,1
1481,163,53.36,14.37,1.5,0.81,201,0.769,0
1483,330,130.12,15.19,4.32,0.54,611,0.286,1
1484,248,86.57,11.63,4.37,0.73,339,0.308,1
1485,156,74.33,9.34,4.47,0.65,240,0.303,1
1486,160,56.87,11.0,1.82,0.86,186,0.488,0
1487,325,113.98,13.29,4.98,0.65,500,0.282,1
1488,140,44.04,11.0,1.42,0.93,150,0.656,0
1489,327,109.64,13.61,4.6,0.66,495,0.31,1
1490,365,130.95,15.51,4.75,0.55,663,0.298,1
1492,304,111.54,21.01,2.52,0.57,533,0.594,1
1493,354,140.37,14.64,5.39,0.52,680,0.264,1
1494,272,109.15,12.87,4.49,0.57,477,0.297,1
1495,313,113.98,14.0,4.85,0.61,513,0.325,1
1496,271,97.64,12.07,4.56,0.65,416,0.292,1
1497,268,93.74,13.44,3.35,0.65,412,0.352,1
1498,257,99.84,12.81,3.86,0.61,421,0.33,1
1499,281,99.3,13.04,3.89,0.65,432,0.329,1
1500,367,136.81,23.32,2.38,0.47,780,0.483,1
1501,135,48.53,13.0,1.24,0.86,156,0.761,0
1502,257,90.33,12.87,3.86,0.7,367,0.354,1
1503,241,81.15,11.31,3.44,0.81,297,0.313,1
1505,131,44.87,12.0,1.38,0.89,147,0.716,0
1506,233,76.08,12.98,3.03,0.76,306,0.41,1
1507,318,133.34,23.69,1.98,0.46,691,0.567,1
1509,297,96.57,12.52,4.47,0.74,401,0.304,1
1510,213,72.63,10.0,3.8,0.85,250,0.329,1
1513,304,101.5,12.09,4.55,0.72,422,0.284,1
1514,364,130.81,13.85,5.7,0.58,627,0.254,1
1515,303,117.3,18.74,2.84,0.53,571,0.46,1
1516,285,101.15,12.0,3.9,0.67,425,0.311,1
1517,297,115.15,12.0,5.0,0.67,443,0.265,1
1518,318,112.81,17.95,3.29,0.58,548,0.437,1
1519,142,47.21,10.45,1.79,0.91,156,0.562,0
1520,379,142.85,22.18,2.83,0.47,806,0.431,1
1521,368,140.61,15.87,4.88,0.48,766,0.284,1
1522,288,97.3,11.96,4.9,0.71,405,0.287,1
1523,295,112.12,12.13,5.33,0.6,491,0.26,1
1524,379,120.47,15.23,4.07,0.64,592,0.327,1
1525,281,84.57,14.15,3.38,0.77,364,0.395,1
1526,295,101.01,11.67,4.57,0.68,433,0.279,1
1527,311,121.78,18.35,2.81,0.56,555,0.466,1
1528,159,53.46,11.07,1.88,0.87,182,0.512,0
1529,325,111.05,12.94,4.28,0.65,500,0.292,1
1530,193,82.33,14.3,2.67,0.66,292,0.463,1
1531,243,73.5,12.02,2.95,0.83,292,0.386,1
1532,325,120.12,15.24,3.94,0.58,560,0.321,1
1533,312,104.33,14.89,3.16,0.68,458,0.391,1
1535,341,110.08,14.49,3.73,0.63,541,0.348,1
1536,372,127.44,14.0,5.48,0.63,590,0.255,1
1537,293,109.05,19.25,2.4,0.6,488,0.566,1
1539,361,122.37,14.67,4.89,0.63,573,0.301,1
1540,144,44.63,11.0,1.37,0.93,154,0.681,0
1541,267,104.91,11.32,4.44,0.71,376,0.257,1
1544,254,76.43,13.03,2.84,0.82,309,0.412,0
1546,247,88.81,11.87,4.44,0.69,357,0.322,1
1547,248,86.81,13.42,3.77,0.7,354,0.375,1
1548,367,113.15,15.48,3.52,0.71,516,0.379,1
1549,349,104.57,15.26,3.41,0.67,520,0.364,1
1550,293,99.98,12.66,3.77,0.71,412,0.326,1
1551,348,131.44,22.03,2.83,0.5,696,0.507,1
1552,314,109.3,12.84,4.81,0.66,475,0.279,1
1553,283,110.57,15.81,3.16,0.59,479,0.368,1
1554,352,128.95,12.24,6.76,0.59,596,0.228,1
1555,337,124.37,19.68,3.48,0.55,612,0.435,1
1556,342,129.54,12.33,6.49,0.61,560,0.237,1
1557,171,56.53,13.4,1.76,0.83,206,0.635,0
1558,172,60.18,11.18,2.45,0.84,204,0.438,0
1559,320,105.05,15.92,3.15,0.63,507,0.412,1
1560,370,129.3,14.07,5.19,0.59,627,0.266,1
1561,257,86.67,11.95,3.28,0.74,347,0.365,1
1562,327,117.88,14.73,4.2,0.58,563,0.333,1
1563,344,118.23,17.54,3.38,0.57,603,0.394,1
1564,352,138.37,21.92,2.96,0.5,704,0.508,1
1565,342,113.05,16.79,3.74,0.63,542,0.389,1
1567,305,100.81,20.33,2.12,0.65,469,0.59,1
1569,246,111.4,11.88,5.23,0.56,439,0.261,1
1570,168,54.28,12.13,1.89,0.88,190,0.531,0
1571,349,115.98,11.44,5.45,0.71,491,0.243,1
1572,364,120.85,16.52,3.94,0.59,616,0.357,1
1574,328,121.88,23.59,2.25,0.54,607,0.622,1
1575,269,104.23,13.88,3.66,0.57,471,0.353,1
1576,242,88.77,10.4,4.32,0.74,327,0.285,1
1577,294,111.3,13.31,5.5,0.61,481,0.284,1
1579,373,133.74,11.88,6.87,0.63,592,0.213,1
1580,341,129.44,12.72,6.19,0.59,577,0.226,1
1581,127,43.46,10.85,1.69,0.91,139,0.621,0
1582,105,39.8,10.0,1.32,0.91,115,0.639,0
1583,157,85.25,16.74,1.87,0.5,314,0.603,1
1584,143,44.63,12.0,1.26,0.93,153,0.725,0
1585,145,47.11,12.02,1.53,0.89,162,0.637,0
1586,157,47.94,12.52,1.48,0.89,176,0.694,0
1587,270,105.5,19.23,2.45,0.55,490,0.575,1
1588,312,104.23,13.63,3.81,0.65,480,0.341,1
1589,138,50.53,13.64,1.19,0.82,168,0.824,0
1590,127,45.21,12.97,1.27,0.89,142,0.764,0
1591,167,51.94,12.81,1.46,0.87,191,0.702,0
1592,172,56.77,13.74,1.39,0.88,195,0.708,0
1593,150,54.28,10.69,2.01,0.83,180,0.529,0
1594,136,43.7,12.49,1.35,0.89,152,0.773,0
1595,344,110.23,21.0,2.25,0.66,521,0.602,1
1596,140,47.11,11.63,1.55,0.89,157,0.666,0
1597,363,126.08,11.51,6.02,0.68,533,0.213,1
1598,203,78.67,11.63,3.6,0.73,278,0.358,1
1599,347,121.78,15.54,4.06,0.58,598,0.31,1
1600,219,80.43,12.0,3.28,0.74,295,0.361,1
1601,282,79.5,14.14,2.53,0.79,356,0.462,0
1602,324,105.4,14.75,3.59,0.64,506,0.363,1
1603,421,143.68,25.49,2.33,0.54,779,0.552,1
1604,336,125.88,14.83,4.11,0.57,589,0.298,1
1605,143,47.7,11.57,1.86,0.88,162,0.587,0
1606,462,115.05,19.27,3.1,0.73,632,0.445,1
1607,423,138.85,26.08,2.23,0.55,769,0.553,1
1608,282,104.08,12.23,5.47,0.68,414,0.27,1
1610,358,113.98,14.76,4.33,0.64,559,0.324,1
1611,355,113.54,15.82,3.39,0.64,554,0.37,1
1612,180,55.11,14.14,1.58,0.89,202,0.661,0
1613,115,43.94,8.49,2.37,0.89,129,0.442,0
1614,359,128.85,21.04,3.24,0.52,690,0.468,1
1615,152,49.11,12.69,1.65,0.89,170,0.66,0
1616,336,116.47,16.32,3.56,0.63,533,0.369,1
1617,142,46.97,10.85,1.58,0.93,152,0.62,0
1618,323,114.12,13.12,5.56,0.62,520,0.271,1
1619,256,70.77,13.45,2.15,0.85,301,0.512,0
1620,398,139.88,13.91,5.39,0.59,674,0.25,1
1621,229,71.25,12.73,2.83,0.85,269,0.392,0
1622,109,39.8,10.0,1.49,0.92,118,0.657,0
1623,371,138.61,16.01,4.64,0.56,662,0.305,1
1624,406,130.61,15.18,4.42,0.61,665,0.278,1
1625,310,102.67,15.8,3.29,0.65,476,0.401,1
1626,107,40.28,11.0,1.28,0.88,121,0.778,0
1627,163,54.53,12.0,1.84,0.9,181,0.571,0
1628,328,116.71,15.01,4.73,0.58,565,0.31,1
1629,243,74.91,12.8,2.75,0.79,307,0.435,0
1630,380,127.88,17.1,3.49,0.58,655,0.354,1
1631,156,50.87,14.0,1.27,0.89,175,0.776,0
1633,131,68.53,7.65,4.88,0.7,187,0.254,1
1634,341,130.71,19.45,2.76,0.5,682,0.418,1
1635,372,130.43,11.04,7.47,0.71,523,0.191,1
1636,376,124.61,16.42,4.15,0.55,683,0.334,1
1637,346,107.3,14.79,3.52,0.66,524,0.354,1
1638,358,116.47,15.5,4.0,0.61,586,0.34,1
1639,371,113.78,12.19,5.54,0.73,508,0.243,1
1640,379,122.37,14.72,4.95,0.64,592,0.303,1
1641,323,106.23,13.14,4.39,0.65,496,0.299,1
1643,362,112.12,15.93,3.81,0.64,565,0.361,1
1644,304,97.98,16.31,2.35,0.72,422,0.439,1
1645,351,114.43,12.0,5.59,0.73,480,0.247,1
1646,299,103.54,12.59,5.16,0.71,421,0.274,1
1648,376,132.37,13.07,6.02,0.6,626,0.239,1
1649,134,53.7,11.0,1.92,0.8,167,0.514,0
1650,321,102.08,11.9,4.62,0.79,406,0.279,1
1651,393,126.37,17.17,3.36,0.64,614,0.375,1
1652,353,136.99,12.82,6.34,0.54,653,0.232,1
1653,367,136.02,19.8,3.23,0.5,734,0.412,1
1655,280,90.57,13.21,3.86,0.73,383,0.345,1
1656,387,138.61,13.09,6.6,0.58,667,0.23,1
1657,316,116.08,12.0,5.99,0.65,486,0.249,1
1658,361,123.64,17.61,3.69,0.58,622,0.377,1
1659,327,113.54,16.99,3.31,0.57,573,0.385,1
1660,404,126.81,25.87,1.93,0.56,721,0.656,1
1661,236,75.25,13.0,2.61,0.78,302,0.446,0
1662,241,84.43,13.81,3.39,0.71,339,0.403,1
1663,205,77.98,11.71,3.74,0.72,284,0.352,1
1664,148,45.21,11.78,1.35,0.93,159,0.729,0
1665,296,102.18,11.0,4.81,0.75,394,0.248,1
1666,298,97.5,12.64,3.29,0.78,382,0.345,1
1667,191,74.77,11.59,3.09,0.7,272,0.376,1
1668,292,99.05,16.93,2.98,0.66,442,0.446,1
1669,242,88.33,13.63,3.01,0.63,384,0.426,1
1670,372,126.47,16.3,4.11,0.56,664,0.321,1
1671,300,108.47,18.46,2.84,0.6,500,0.478,1
1672,330,134.37,18.83,3.79,0.5,660,0.402,1
1673,284,101.05,13.31,4.64,0.65,436,0.305,1
1674,193,64.77,13.27,1.95,0.83,232,0.526,0
1675,105,42.87,11.0,1.17,0.82,128,0.686,0
1676,284,102.47,12.87,4.14,0.62,458,0.319,1
1677,149,46.53,13.0,1.26,0.91,163,0.785,0
1678,227,85.5,12.79,3.04,0.71,319,0.353,1
1679,258,80.91,12.2,3.65,0.78,330,0.352,1
1680,178,53.6,14.14,1.36,0.85,209,0.732,0
1681,211,78.57,12.35,3.35,0.75,281,0.379,1
1683,420,140.27,25.01,2.1,0.53,792,0.599,1
1684,129,41.46,12.02,1.22,0.92,140,0.77,0
1687,182,56.18,14.14,1.49,0.87,209,0.679,0
1688,151,48.28,12.33,1.49,0.9,167,0.663,0
1690,259,97.3,12.18,4.13,0.68,380,0.286,1
1691,179,75.5,14.44,2.17,0.64,279,0.489,0
1695,236,79.25,13.42,2.82,0.8,295,0.399,0
1696,249,97.98,12.49,4.16,0.71,350,0.306,1
1697,354,134.37,18.51,3.4,0.53,667,0.39,1
1698,111,65.84,9.28,4.0,0.63,176,0.362,1
1699,232,75.94,12.0,2.83,0.84,276,0.358,0
1700,165,64.77,11.55,2.28,0.79,208,0.429,0
1701,150,47.94,12.45,1.46,0.89,168,0.687,0
1702,134,47.46,11.57,1.73,0.85,157,0.642,0
1704,131,43.21,12.0,1.21,0.92,142,0.759,0
1705,113,42.63,9.94,1.64,0.89,126,0.584,0
1706,264,73.25,14.14,2.45,0.83,318,0.471,1
1707,127,45.21,12.0,1.32,0.87,145,0.721,0
1708,305,98.81,14.59,3.57,0.65,469,0.401,1
1709,346,122.75,14.73,5.25,0.59,586,0.303,1
1710,142,48.04,13.0,1.16,0.91,156,0.763,0
1711,280,95.98,12.42,3.69,0.72,388,0.33,1
1712,356,142.61,17.2,4.73,0.48,741,0.316,1
1714,207,74.43,13.26,2.83,0.72,287,0.477,1
1715,289,106.47,12.65,5.58,0.65,444,0.28,1
1716,342,119.88,13.86,4.97,0.63,542,0.289,1
1718,315,87.4,13.21,3.34,0.78,403,0.372,1
1719,158,58.28,12.02,1.88,0.84,188,0.515,0
1721,370,128.23,13.78,5.69,0.61,606,0.256,1
1722,365,121.64,19.09,3.3,0.58,629,0.402,1
1723,421,144.37,15.16,5.76,0.55,765,0.255,1
1724,459,159.1,15.41,5.31,0.57,805,0.243,1
1725,187,64.43,12.07,2.35,0.82,228,0.436,0
1726,293,100.47,14.52,3.89,0.62,472,0.373,1
1727,379,144.41,14.81,6.03,0.55,689,0.248,1
1728,279,79.15,14.56,2.55,0.76,367,0.488,1
1729,287,100.47,13.04,4.69,0.67,428,0.311,1
1730,325,105.4,15.51,4.07,0.65,500,0.37,1
1732,370,128.02,12.52,6.5,0.6,616,0.233,1
1733,334,124.12,17.72,3.75,0.53,630,0.381,1
1734,270,78.33,13.31,2.87,0.82,329,0.421,1
1735,116,56.04,10.32,2.6,0.73,158,0.462,0
1736,306,104.23,16.15,3.38,0.6,510,0.422,1
1738,375,135.88,19.14,3.65,0.49,765,0.363,1
1739,345,120.33,11.96,6.05,0.65,530,0.237,1
1740,286,103.64,15.15,3.38,0.59,484,0.379,1
1741,366,131.58,12.84,5.98,0.6,610,0.223,1
1742,334,115.3,15.05,4.44,0.6,556,0.34,1
1743,369,131.88,15.5,4.44,0.58,636,0.292,1
1744,140,45.46,11.37,1.54,0.89,157,0.65,0
1745,336,99.74,17.65,2.29,0.74,454,0.53,1
1746,376,124.02,15.24,4.76,0.6,626,0.302,1
1747,365,130.95,13.28,5.99,0.66,553,0.24,1
1748,279,97.05,12.97,4.15,0.68,410,0.322,1
1749,363,131.54,28.04,1.97,0.5,726,0.677,1
1750,224,64.77,14.22,2.05,0.85,263,0.567,0
1751,314,93.74,13.71,3.63,0.73,430,0.365,1
1752,346,116.23,13.75,4.78,0.65,532,0.297,1
1753,261,96.33,12.3,4.83,0.66,395,0.309,1
1754,181,54.53,13.28,1.5,0.88,205,0.671,0
1755,267,93.4,13.97,3.95,0.64,417,0.358,1
1756,297,104.57,14.96,3.37,0.64,464,0.392,1
1757,326,125.68,11.93,7.1,0.63,517,0.217,1
1758,234,67.84,13.41,2.31,0.83,281,0.491,0
1759,150,48.28,11.31,1.8,0.91,164,0.559,0
1761,305,105.4,13.0,4.97,0.7,435,0.296,1
1762,370,132.85,18.36,3.96,0.52,711,0.354,1
1763,339,124.02,17.15,4.57,0.53,639,0.355,1
1764,326,111.88,15.92,4.08,0.6,543,0.361,1
1765,241,80.08,13.58,3.11,0.72,334,0.421,1
1767,280,88.23,12.71,3.89,0.74,378,0.349,1
1768,285,106.37,12.81,5.52,0.65,438,0.282,1
1769,308,103.15,15.28,3.72,0.62,496,0.375,1
1770,306,108.71,12.33,5.28,0.63,485,0.267,1
1771,367,132.37,16.46,4.22,0.51,719,0.311,1
1772,272,103.64,11.7,5.78,0.65,418,0.261,1
1774,187,54.53,12.97,1.6,0.89,210,0.64,0
1775,244,78.91,12.07,3.18,0.76,321,0.378,1
1776,355,136.12,23.88,2.61,0.48,739,0.49,1
1778,289,92.67,14.06,3.3,0.75,385,0.38,1
1779,384,147.78,13.24,7.32,0.55,698,0.216,1
1780,164,55.36,11.18,1.78,0.88,186,0.522,0
1781,352,106.81,14.1,4.09,0.7,502,0.33,1
1782,164,49.94,13.23,1.45,0.87,188,0.717,0
1783,395,145.88,25.23,2.09,0.49,806,0.541,1
1784,228,84.77,12.39,3.94,0.72,316,0.346,1
1785,294,101.15,14.41,4.4,0.66,445,0.345,1
1786,395,142.02,13.35,5.93,0.61,647,0.239,1
1787,272,90.57,13.0,3.46,0.72,377,0.359,1
1788,270,92.91,12.0,3.75,0.7,385,0.32,1
1789,313,109.88,14.82,3.85,0.6,521,0.327,1
1790,419,128.02,23.4,2.49,0.58,722,0.56,1
1791,344,118.95,15.5,3.39,0.69,498,0.369,1
1792,331,124.95,13.44,5.8,0.58,570,0.253,1
1793,331,120.47,15.84,4.26,0.54,612,0.35,1
1794,359,136.85,16.03,4.39,0.55,652,0.32,1
1795,347,113.54,16.27,3.25,0.62,559,0.392,1
1796,257,78.67,12.68,3.16,0.77,333,0.387,1
1797,324,127.34,12.89,5.78,0.54,600,0.251,1
1798,325,140.12,13.86,6.08,0.48,677,0.246,1
1800,183,63.7,11.48,2.14,0.82,223,0.442,0
1802,352,126.95,22.7,2.53,0.52,676,0.551,1
1803,301,106.08,14.65,3.66,0.59,510,0.368,1
1804,232,73.01,12.0,2.6,0.81,286,0.422,0
1805,163,51.36,12.48,1.59,0.88,185,0.635,0
1806,364,132.81,13.0,6.07,0.6,606,0.244,1
1807,187,69.94,11.0,2.98,0.79,236,0.377,0
1808,313,112.33,13.25,4.39,0.63,496,0.285,1
1809,307,100.95,15.21,3.48,0.66,465,0.363,1
1810,354,122.02,12.94,6.12,0.64,553,0.244,1
1811,130,43.46,11.38,1.42,0.92,141,0.706,0
1812,300,104.47,12.66,4.67,0.62,483,0.292,1
1814,216,76.53,11.6,3.5,0.77,280,0.356,1
1815,337,132.37,17.63,3.41,0.49,687,0.357,1
1816,386,127.78,13.16,6.0,0.64,603,0.244,1
1817,366,129.44,13.35,5.37,0.6,610,0.254,1
1818,266,86.67,12.34,3.28,0.74,359,0.351,1
1819,261,80.57,13.37,3.32,0.78,334,0.384,1
1820,319,105.3,14.77,3.54,0.65,490,0.366,1
1822,298,111.01,12.0,5.71,0.7,425,0.256,1
1824,371,135.3,17.48,4.13,0.55,674,0.354,1
1825,288,92.81,14.25,3.4,0.73,394,0.381,1
1826,133,44.87,12.07,1.46,0.88,151,0.702,0
1827,256,73.5,12.73,2.71,0.83,308,0.418,0
1828,392,141.78,18.31,4.27,0.5,784,0.33,1
1829,236,87.98,11.35,3.91,0.68,347,0.317,1
1830,313,103.64,13.98,3.39,0.68,460,0.357,1
1831,284,93.15,13.14,3.63,0.69,411,0.35,1
1832,157,59.01,9.84,2.57,0.84,186,0.407,0
1833,153,58.18,11.0,2.46,0.82,186,0.488,0
1834,128,44.04,11.87,1.49,0.9,142,0.697,0
1836,187,83.84,10.72,4.4,0.68,275,0.288,1
1837,328,116.71,13.86,4.06,0.63,520,0.288,1
1838,232,76.67,13.92,2.4,0.76,305,0.467,0
1839,290,94.91,13.56,4.02,0.72,402,0.351,1
1840,363,113.05,19.78,2.98,0.64,567,0.495,1
1842,390,144.51,17.08,4.14,0.53,735,0.323,1
1843,245,81.94,11.0,3.69,0.8,306,0.33,1
1844,379,134.71,14.12,6.01,0.59,642,0.255,1
1845,350,111.88,18.53,3.09,0.65,538,0.467,1
1846,387,137.64,13.7,6.58,0.61,634,0.237,1
1847,275,94.23,13.28,3.8,0.68,404,0.329,1
1848,333,113.84,11.7,5.47,0.67,497,0.245,1
1849,278,66.43,18.34,1.23,0.88,315,0.803,0
1850,278,101.3,12.07,5.08,0.68,408,0.279,1
1851,137,43.46,11.0,1.49,0.93,147,0.644,0
1852,183,66.43,11.2,3.27,0.77,237,0.391,0
1853,216,80.91,12.65,3.79,0.68,317,0.365,1
1854,228,89.15,12.07,4.16,0.67,340,0.322,1
1855,338,107.15,13.94,3.96,0.64,528,0.318,1
1856,242,88.33,14.93,3.37,0.64,378,0.412,1
1857,273,107.98,12.16,4.76,0.63,433,0.298,1
1858,280,93.74,14.68,2.9,0.7,400,0.427,1
1861,264,90.91,12.49,4.19,0.76,347,0.321,1
1862,339,120.12,14.76,4.88,0.58,584,0.291,1
1863,322,97.84,13.61,3.91,0.76,423,0.346,1
1864,127,45.46,12.02,1.45,0.88,144,0.675,0
1865,394,151.78,20.47,3.86,0.48,820,0.399,1
1867,194,81.01,11.38,3.61,0.7,277,0.326,1
1868,150,51.11,13.41,1.43,0.85,176,0.721,0
1869,126,45.11,10.61,1.78,0.88,143,0.577,0
1870,135,44.87,12.0,1.54,0.9,150,0.654,0
1872,229,82.91,13.94,2.91,0.66,346,0.427,1
1873,252,93.15,12.26,4.47,0.68,370,0.314,1
1874,188,79.25,11.0,3.47,0.69,272,0.333,1
1875,234,86.33,12.73,3.67,0.69,339,0.359,1
1876,203,79.84,11.18,3.5,0.73,278,0.324,1
1878,361,128.47,13.69,5.64,0.59,611,0.259,1
1879,190,60.53,12.78,2.07,0.82,231,0.51,0
1880,193,63.7,13.62,1.69,0.81,238,0.566,0
1881,323,106.57,13.09,3.97,0.69,468,0.306,1
1882,185,63.84,11.63,2.69,0.82,225,0.424,0
1883,217,80.57,11.73,4.03,0.72,301,0.329,1
1884,231,82.08,12.48,3.75,0.72,320,0.366,1
1885,176,56.87,13.57,1.59,0.85,207,0.616,0
1888,292,114.47,12.07,6.15,0.61,478,0.238,1
1889,160,55.11,12.0,1.6,0.84,190,0.582,0
1890,122,41.46,10.44,1.67,0.92,132,0.614,0
1891,105,38.87,11.0,1.15,0.89,117,0.792,0
1892,221,83.6,11.0,4.18,0.76,290,0.305,1
1893,272,87.84,12.96,3.62,0.77,353,0.356,1
1894,140,48.18,12.0,1.52,0.88,159,0.651,0
1895,179,67.84,11.48,3.07,0.77,232,0.403,0
1896,227,83.98,10.35,4.71,0.75,302,0.28,1
1897,145,47.8,11.0,1.55,0.91,159,0.629,0
1898,157,54.18,12.0,1.71,0.87,180,0.575,0
1899,357,106.23,14.21,3.76,0.73,489,0.333,1
1900,268,116.37,14.31,4.43,0.51,525,0.299,1
1901,194,64.04,14.3,1.97,0.81,239,0.561,0
1902,143,47.94,10.82,1.93,0.9,158,0.551,0
1903,157,56.04,10.0,2.26,0.87,180,0.445,0
1904,215,68.77,14.08,1.84,0.81,265,0.592,0
1905,192,53.7,14.0,1.33,0.92,208,0.721,0
1906,242,78.43,12.97,2.9,0.74,327,0.414,0
1907,264,78.08,13.0,2.66,0.84,314,0.419,0
1909,239,66.18,15.21,1.79,0.83,287,0.593,0
1910,249,77.84,14.76,2.38,0.76,327,0.482,0
1911,223,63.36,13.0,1.84,0.89,250,0.518,0
1912,192,54.28,13.0,1.64,0.91,210,0.604,0
1913,177,61.94,11.01,2.48,0.84,210,0.423,0
1914,248,76.91,13.31,2.93,0.81,306,0.41,1
1915,268,71.94,16.73,1.83,0.81,330,0.619,0
1916,244,72.18,13.22,2.6,0.84,290,0.45,0
1917,223,72.77,11.99,2.85,0.79,282,0.422,0
1918,183,66.18,12.0,2.23,0.8,228,0.45,0
1919,180,58.18,13.33,1.65,0.83,216,0.607,0
1920,237,73.25,14.6,2.2,0.81,292,0.532,0
1921,252,74.18,13.78,2.65,0.82,307,0.458,1
1922,230,72.91,13.82,2.45,0.81,283,0.486,0
1923,314,92.81,16.45,3.09,0.71,442,0.438,1
1924,136,44.38,10.0,1.57,0.94,144,0.597,0
1925,222,68.43,13.95,2.29,0.82,270,0.513,0
1926,144,49.11,11.09,1.93,0.88,163,0.563,0
1927,247,69.25,14.42,1.95,0.84,294,0.563,0
1928,184,68.53,12.0,2.68,0.76,242,0.434,0
1929,262,78.91,14.08,2.57,0.78,335,0.462,0
1930,272,72.18,14.61,1.95,0.86,316,0.518,0
1931,173,48.87,12.0,1.41,0.93,186,0.658,0
1933,275,74.91,14.26,2.55,0.86,319,0.46,0
1934,254,79.84,14.4,2.55,0.76,334,0.464,1
1935,195,57.94,13.87,1.75,0.87,224,0.588,0
1936,311,94.57,15.0,2.56,0.71,438,0.44,1
1937,244,68.18,17.02,1.69,0.81,301,0.666,0
1940,250,73.6,12.0,2.55,0.86,290,0.392,0
1941,222,60.53,13.74,1.87,0.89,249,0.568,0
1942,208,68.18,14.0,1.64,0.81,256,0.602,0
1943,297,85.25,14.5,2.45,0.8,371,0.454,1
1944,193,55.11,13.52,1.6,0.89,216,0.641,0
1945,158,49.21,11.63,1.74,0.93,169,0.582,0
1946,208,59.7,14.23,1.62,0.89,233,0.618,0
1947,221,61.36,14.0,1.65,0.88,251,0.581,0
1948,238,77.36,12.59,3.05,0.76,313,0.393,1
1949,280,81.84,15.0,2.45,0.8,350,0.465,1
1950,214,63.7,14.55,1.88,0.86,248,0.601,0
1951,307,95.5,14.55,3.31,0.73,420,0.392,1
1952,230,71.25,14.36,2.06,0.8,287,0.512,0
1953,230,65.6,14.42,2.07,0.83,277,0.559,0
1954,198,62.77,12.36,1.96,0.84,235,0.52,0
1955,253,80.67,14.55,2.56,0.74,341,0.468,1
1956,192,57.6,12.73,1.79,0.88,218,0.569,0
1958,216,69.6,14.08,2.16,0.8,270,0.518,1
1959,221,69.25,12.76,2.57,0.82,269,0.474,0
1960,206,56.53,13.44,1.65,0.91,226,0.593,0
1961,228,65.01,13.12,2.2,0.85,268,0.493,0
1962,289,85.01,12.18,3.3,0.83,348,0.349,1
1964,151,48.28,11.77,1.73,0.9,167,0.612,0
1966,222,65.36,13.36,2.1,0.86,258,0.534,0
1967,219,65.25,14.42,1.69,0.83,263,0.607,0
1969,259,70.18,13.91,2.25,0.87,297,0.483,0
1970,190,63.25,12.48,2.09,0.83,228,0.523,0
1971,226,74.08,13.2,2.5,0.79,286,0.461,0
1972,243,73.01,15.33,2.02,0.82,296,0.541,0
1973,278,79.36,16.68,2.0,0.77,361,0.556,1
1975,221,66.18,12.94,2.28,0.85,260,0.49,0
1976,255,75.6,14.07,2.53,0.81,314,0.46,1
1977,260,77.36,14.0,2.66,0.82,317,0.458,1
1978,195,62.28,11.67,2.45,0.86,226,0.472,0
1979,174,67.01,11.98,2.47,0.78,223,0.468,0
1980,154,49.11,11.49,1.7,0.89,173,0.611,0
1981,171,67.6,10.52,3.02,0.77,222,0.373,0
1982,222,71.01,13.6,2.41,0.8,277,0.495,0
1983,274,81.15,13.44,2.97,0.76,360,0.404,1
1984,199,57.36,12.49,2.02,0.89,223,0.529,0
1985,196,59.36,13.0,1.59,0.88,222,0.604,0
1986,190,61.11,12.0,2.16,0.85,223,0.493,0
1988,203,72.08,11.41,2.92,0.78,260,0.406,0
1989,273,85.5,12.61,3.5,0.79,345,0.356,1
1991,252,77.84,13.96,2.56,0.76,331,0.456,0
1992,258,77.6,14.31,2.47,0.81,318,0.477,0
1993,137,43.21,12.0,1.44,0.95,144,0.698,0
1994,232,78.67,13.83,1.98,0.83,279,0.551,0
1996,134,45.46,10.0,1.82,0.92,145,0.548,0
1997,263,74.08,13.82,2.63,0.85,309,0.445,0
1998,211,63.84,13.31,2.26,0.82,257,0.504,0
1999,262,72.18,15.4,1.99,0.81,323,0.572,0
2000,265,73.25,14.2,2.25,0.85,311,0.487,0
2001,212,59.7,14.12,1.56,0.87,243,0.631,0
2002,202,58.28,14.14,1.72,0.9,224,0.606,0
2003,218,59.11,14.18,1.65,0.91,239,0.605,0
2004,212,64.77,13.73,2.08,0.87,243,0.536,0
2005,260,82.91,14.11,3.01,0.74,351,0.403,1
2006,149,58.53,10.43,2.19,0.84,177,0.448,0
2007,164,60.77,10.71,2.76,0.79,207,0.428,0
2008,284,87.84,17.51,2.12,0.75,378,0.549,1
2009,228,72.67,15.54,1.92,0.75,304,0.589,0
2010,100,38.04,11.09,1.28,0.88,113,0.798,0
2011,150,46.53,12.97,1.24,0.9,166,0.803,0
2012,212,61.6,13.23,1.99,0.85,249,0.558,0
2013,186,53.36,12.67,1.74,0.89,208,0.614,0
2014,193,63.94,15.0,1.6,0.78,247,0.623,0
2015,190,68.43,13.0,2.03,0.76,250,0.534,0
2016,222,57.46,14.58,1.51,0.92,241,0.639,0
2017,194,56.87,13.0,1.58,0.89,217,0.623,0
2018,205,63.36,13.7,1.61,0.86,238,0.647,0
2019,212,75.01,13.53,2.42,0.74,286,0.475,0
2020,203,66.18,15.56,1.85,0.78,260,0.643,0
2021,394,91.4,21.0,1.64,0.81,486,0.626,1
2022,247,66.67,14.14,1.91,0.86,287,0.527,0
2023,227,68.53,13.0,2.12,0.86,263,0.483,0
2024,253,75.6,13.62,2.56,0.8,316,0.463,0
2025,221,61.94,13.66,1.96,0.88,251,0.546,0
2026,225,67.01,14.07,2.24,0.84,267,0.522,0
2027,165,50.28,12.4,1.64,0.91,181,0.62,0
2028,195,63.11,15.19,1.56,0.82,237,0.684,0
2030,190,56.18,13.0,1.6,0.88,215,0.595,0
2031,166,49.11,12.61,1.51,0.91,182,0.665,0
2032,227,68.18,13.51,2.32,0.83,273,0.495,0
2033,166,50.87,12.0,1.6,0.91,182,0.618,0
2036,232,61.7,14.0,1.72,0.91,254,0.558,0
2037,191,59.7,13.45,1.83,0.84,227,0.567,0
2038,182,59.94,14.86,1.61,0.81,224,0.669,0
2039,170,54.28,12.45,1.65,0.86,197,0.604,0
2040,158,51.94,12.2,1.94,0.87,181,0.568,0
2041,223,65.01,13.44,2.18,0.85,262,0.509,0
2043,221,57.11,13.0,1.67,0.93,237,0.581,0
2044,199,60.53,12.58,1.82,0.88,226,0.573,0
2045,232,76.67,14.18,2.44,0.72,322,0.471,1
2046,212,59.36,13.19,2.0,0.9,235,0.531,0
2048,177,53.6,11.6,1.95,0.89,198,0.528,0
2049,181,54.77,15.56,1.23,0.86,210,0.847,0
2050,179,53.94,12.93,1.74,0.87,205,0.602,0
2051,229,68.08,13.38,2.15,0.85,269,0.484,0
2053,146,46.04,11.0,1.52,0.92,158,0.621,0
2054,205,56.53,13.38,1.64,0.9,227,0.619,0
2056,144,47.11,11.54,1.71,0.9,160,0.614,0
2057,129,44.04,11.6,1.43,0.9,143,0.681,0
2058,350,116.47,15.02,4.29,0.61,573,0.34,1
2059,211,56.53,13.91,1.64,0.9,234,0.622,0
2060,145,46.28,11.87,1.63,0.9,161,0.647,0
2061,178,55.01,13.42,1.7,0.87,204,0.633,0
2062,210,57.94,14.42,1.53,0.88,238,0.668,0
2063,161,50.53,13.0,1.42,0.9,178,0.676,0
2064,232,60.77,17.55,1.15,0.89,260,0.82,0
2065,121,43.46,10.0,1.55,0.9,134,0.584,0
2066,217,64.53,12.96,2.11,0.86,252,0.491,0
2067,188,67.84,10.33,3.19,0.81,232,0.361,0
2068,176,54.53,13.44,1.55,0.87,202,0.628,0
2069,202,58.28,13.0,1.69,0.89,226,0.559,0
2070,142,46.28,11.07,1.66,0.9,157,0.619,0
2071,188,61.94,13.2,2.2,0.81,232,0.527,0
2072,128,43.11,10.61,1.66,0.9,142,0.617,0
2073,180,49.46,14.0,1.36,0.94,191,0.742,0
2074,173,50.28,12.65,1.5,0.91,190,0.67,0
2075,199,59.11,13.74,1.61,0.88,226,0.627,0
2076,211,59.11,12.62,1.88,0.9,234,0.531,0
2077,227,63.94,13.0,1.87,0.89,255,0.525,0
2078,224,63.01,12.73,2.07,0.89,251,0.485,0
2079,160,48.53,14.0,1.21,0.9,177,0.835,0
2080,123,42.28,11.18,1.54,0.89,138,0.682,0
2082,164,52.28,11.71,1.58,0.88,186,0.603,0
2083,159,50.87,12.97,1.5,0.89,178,0.653,0
2084,167,51.7,13.31,1.5,0.88,189,0.657,0
2085,205,56.87,12.54,1.79,0.91,225,0.574,0
2086,187,55.36,12.02,1.9,0.88,212,0.541,0
2087,206,60.77,13.0,1.77,0.87,236,0.561,0
2089,246,63.94,13.86,1.99,0.92,267,0.525,0
2090,214,60.53,12.97,2.0,0.9,237,0.517,0
2091,165,53.46,11.4,1.9,0.86,191,0.529,0
2092,174,49.94,13.0,1.44,0.92,189,0.662,0
2093,226,61.94,14.7,1.73,0.87,259,0.602,0
2095,150,45.7,12.73,1.43,0.9,166,0.74,0
2096,166,56.18,11.31,2.27,0.85,195,0.47,0
2097,221,70.08,13.83,2.07,0.78,283,0.523,0
2098,172,61.94,14.38,1.78,0.76,226,0.665,0
2101,186,59.36,13.42,1.8,0.82,226,0.605,0
2102,174,52.63,10.0,2.02,0.94,185,0.471,0
2104,143,47.11,12.0,1.6,0.91,157,0.666,0
2105,156,50.04,11.0,1.9,0.91,171,0.543,0
2106,199,59.94,13.0,1.77,0.88,226,0.57,0
2107,153,46.63,11.0,1.6,0.94,162,0.585,0
2108,190,61.01,11.93,2.32,0.85,223,0.456,0
2110,204,64.18,14.0,1.73,0.85,240,0.621,0
2111,240,63.7,12.0,2.08,0.92,260,0.477,0
2112,173,51.21,12.0,1.47,0.94,184,0.624,0
2114,195,72.18,12.73,2.51,0.72,270,0.448,0
2116,141,46.87,11.0,1.69,0.9,156,0.598,0
2117,146,47.7,10.77,1.84,0.9,162,0.568,0
2118,215,58.18,13.44,1.74,0.91,236,0.569,0
2119,147,44.63,12.0,1.25,0.94,156,0.721,0
2120,216,71.25,14.17,2.15,0.76,284,0.546,0
2121,150,46.28,13.21,1.33,0.9,166,0.768,0
2122,166,53.7,11.63,1.86,0.86,193,0.543,0
2123,149,49.94,11.31,2.01,0.87,171,0.543,0
2124,193,67.36,12.5,2.39,0.81,238,0.476,0
2125,174,58.53,10.6,2.26,0.86,202,0.45,0
2126,179,60.53,12.28,1.96,0.84,213,0.528,0
2127,207,73.5,13.09,2.5,0.75,276,0.465,0
2128,174,49.7,13.44,1.5,0.91,191,0.692,0
2129,176,53.36,14.0,1.38,0.87,202,0.725,0
2130,130,42.87,12.07,1.33,0.9,144,0.791,0
2131,177,53.6,13.91,1.31,0.89,198,0.754,0
2135,219,59.7,13.58,1.73,0.9,243,0.571,0
2136,200,69.6,14.03,2.26,0.78,256,0.516,0
2137,213,78.18,14.22,2.48,0.66,322,0.479,0
2138,167,53.11,11.18,2.09,0.91,183,0.498,0
2139,209,63.94,12.02,2.37,0.87,240,0.463,0
2140,203,61.94,13.19,1.93,0.85,238,0.54,0
2141,180,60.43,11.8,2.48,0.82,219,0.472,0
2142,164,51.6,13.7,1.41,0.84,195,0.76,0
2143,170,52.87,11.0,1.92,0.9,188,0.519,0
2144,147,48.28,11.0,1.77,0.89,165,0.566,0
2145,154,49.94,13.28,1.49,0.87,177,0.723,0
2147,162,52.53,12.02,1.92,0.87,186,0.56,0
2148,240,66.18,13.97,1.9,0.87,275,0.552,0
2149,203,61.36,13.25,2.13,0.86,236,0.536,0
2150,171,51.8,10.0,1.91,0.95,180,0.479,0
2151,150,46.53,12.02,1.43,0.91,164,0.699,0
2152,135,46.28,11.63,1.59,0.89,151,0.665,0
2153,162,48.28,13.72,1.22,0.9,180,0.803,0
2154,168,50.87,12.0,1.61,0.9,186,0.633,0
2155,181,62.43,13.5,1.97,0.77,235,0.577,0
2156,216,61.94,14.03,1.84,0.86,251,0.583,0
2157,169,49.46,13.29,1.26,0.91,185,0.773,0
2158,195,66.33,13.2,2.28,0.78,250,0.508,0
2159,175,52.28,12.48,1.75,0.92,190,0.583,0
2160,185,54.28,13.73,1.6,0.9,205,0.635,0
2161,180,59.94,12.0,2.13,0.84,214,0.499,0
2162,140,54.28,13.42,1.26,0.79,177,0.722,0
2163,135,45.7,10.6,1.85,0.91,148,0.562,0
2164,180,59.01,11.31,2.43,0.85,211,0.452,0
2165,160,47.94,12.97,1.39,0.9,177,0.732,0
2167,143,44.28,12.73,1.32,0.91,157,0.765,0
2168,143,44.53,11.31,1.51,0.91,157,0.658,0
2169,181,52.53,13.0,1.44,0.91,198,0.637,0
2170,194,60.77,12.93,2.02,0.83,233,0.523,0
2171,176,50.04,12.0,1.58,0.95,185,0.609,0
2172,209,63.7,12.18,2.28,0.87,240,0.478,0
2173,173,59.84,12.38,1.91,0.79,218,0.542,0
2175,185,53.11,13.0,1.47,0.91,203,0.66,0
2176,168,53.46,12.0,1.95,0.88,190,0.566,0
2177,163,51.6,13.0,1.56,0.88,185,0.647,0
2178,190,53.46,13.0,1.61,0.93,204,0.625,0
2179,165,52.77,12.02,1.86,0.87,189,0.565,0
2180,182,50.87,13.28,1.4,0.93,195,0.707,0
2181,229,63.36,14.9,1.79,0.87,263,0.603,0
2183,160,54.77,11.87,1.92,0.84,190,0.558,0
2184,257,78.91,14.12,2.46,0.76,338,0.484,0
2185,152,49.21,10.85,1.76,0.9,168,0.588,0
2188,189,54.28,13.31,1.63,0.92,205,0.604,0
2189,230,69.5,13.04,2.46,0.83,277,0.46,0
2190,185,53.7,13.27,1.67,0.91,203,0.605,0
2191,203,66.77,13.77,2.08,0.78,260,0.538,0
2192,204,61.01,13.94,1.55,0.84,242,0.652,0
2193,156,47.46,12.86,1.38,0.92,169,0.722,0
2194,158,49.94,11.31,1.92,0.9,175,0.543,0
2195,176,58.87,10.67,2.51,0.87,202,0.435,0
2196,158,47.7,13.42,1.23,0.92,171,0.788,0
2197,217,67.36,12.04,2.64,0.82,264,0.441,0
2198,150,51.11,11.57,1.86,0.87,172,0.561,0
2199,190,52.28,13.59,1.48,0.94,202,0.675,0
2200,247,67.36,15.6,1.92,0.88,280,0.598,0
2201,212,67.01,12.65,2.63,0.83,255,0.447,0
2202,215,60.77,13.98,1.65,0.87,247,0.64,0
2203,210,58.53,13.91,1.8,0.9,233,0.587,0
2204,156,47.94,10.61,1.86,0.93,167,0.546,0
2205,128,45.11,9.9,1.91,0.89,143,0.537,0
2206,162,57.6,10.73,2.54,0.84,192,0.461,0
2207,230,65.6,13.38,2.23,0.88,261,0.482,0
2208,207,63.94,14.27,1.96,0.81,255,0.565,0
2209,142,49.7,11.29,1.91,0.84,169,0.565,0
2210,191,61.01,13.08,2.1,0.8,238,0.548,0
2211,190,62.18,11.74,2.29,0.85,223,0.457,0
2212,177,54.53,12.65,1.64,0.89,198,0.613,0
2214,278,85.84,14.62,2.98,0.76,365,0.423,1
2215,242,67.36,13.92,2.27,0.89,271,0.493,0
2216,279,78.33,15.63,2.31,0.77,362,0.524,1
2217,213,71.01,12.19,2.66,0.82,259,0.426,0
2218,218,57.36,14.76,1.59,0.9,242,0.657,0
2219,147,46.53,11.2,1.78,0.91,161,0.602,0
2220,191,67.7,12.75,2.53,0.81,235,0.464,0
2221,269,79.15,14.18,2.47,0.79,340,0.471,0
2222,204,58.77,13.93,1.8,0.87,234,0.605,0
2224,253,66.18,15.0,1.76,0.9,281,0.583,0
2225,188,63.84,11.82,2.48,0.84,223,0.463,0
2226,149,47.46,13.0,1.43,0.91,163,0.721,0
2227,240,73.84,13.34,2.47,0.79,303,0.466,0
2228,201,62.53,14.67,1.6,0.84,239,0.668,0
2229,214,67.25,14.08,2.12,0.81,264,0.55,0
2231,215,73.36,11.51,2.87,0.79,272,0.4,0
2233,250,75.5,13.66,2.25,0.82,304,0.468,0
2234,186,63.84,13.64,1.86,0.78,238,0.605,0
2235,268,60.43,17.68,1.1,0.93,288,0.857,0
2236,227,72.91,11.83,2.6,0.82,276,0.438,0
2237,155,53.11,11.88,1.91,0.86,180,0.555,0
2238,204,66.67,13.83,1.93,0.79,258,0.572,0
2239,245,65.6,15.34,1.83,0.86,284,0.599,0
2241,193,67.01,11.45,2.8,0.79,244,0.405,0
2242,160,59.7,10.44,2.5,0.8,200,0.429,0
2243,223,63.01,13.82,1.91,0.89,250,0.548,0
2244,203,60.18,12.85,2.12,0.86,236,0.508,0
2245,219,77.01,11.91,3.28,0.8,273,0.38,1
2246,262,78.18,14.33,2.77,0.81,323,0.449,1
2247,248,72.18,15.84,2.06,0.81,306,0.57,0
2248,222,67.84,14.51,1.97,0.79,281,0.575,0
2249,199,65.36,11.7,2.38,0.82,242,0.439,0
2250,228,67.94,13.0,2.41,0.86,265,0.478,0
2251,184,57.94,11.7,2.17,0.9,204,0.492,0
2252,169,48.28,13.04,1.4,0.93,181,0.701,0
2253,257,71.84,13.0,2.33,0.87,295,0.447,0
2255,241,78.08,13.36,2.62,0.78,308,0.448,1
2256,248,71.25,15.0,2.04,0.82,302,0.546,0
2257,214,61.94,13.91,1.86,0.87,245,0.563,0
2258,169,49.46,13.0,1.49,0.93,181,0.676,0
2259,140,45.46,11.88,1.54,0.89,157,0.695,0
2260,229,63.94,15.54,1.59,0.84,272,0.666,0
2261,179,61.6,12.74,2.03,0.81,220,0.534,0
2263,226,67.01,12.73,2.4,0.86,262,0.458,0
2264,194,68.08,11.31,2.93,0.8,242,0.4,0
2265,147,46.04,12.0,1.52,0.92,159,0.666,0
2266,145,44.04,13.0,1.16,0.93,155,0.822,0
2267,167,51.7,13.86,1.48,0.88,189,0.721,0
2268,214,64.18,12.61,2.32,0.86,248,0.468,0
2269,235,65.6,13.42,2.0,0.86,273,0.516,0
2270,208,65.94,13.16,2.36,0.81,256,0.501,0
2271,167,57.94,12.39,1.93,0.83,201,0.551,0
2272,189,57.11,14.65,1.63,0.85,222,0.66,0
2274,167,48.87,11.0,1.66,0.94,177,0.572,0
2275,150,54.18,10.82,2.15,0.84,178,0.506,0
2276,189,53.94,14.0,1.58,0.9,210,0.679,0
2277,189,59.46,11.0,2.44,0.88,214,0.445,0
2278,182,58.18,12.0,2.04,0.85,214,0.496,0
2279,207,59.36,14.05,1.77,0.9,230,0.602,0
2280,193,63.7,13.42,1.94,0.79,244,0.563,0
2281,162,55.94,12.33,2.14,0.84,192,0.536,0
2283,154,48.87,11.93,1.8,0.91,169,0.579,0
2284,189,59.01,15.0,1.46,0.85,222,0.735,0
2285,161,47.46,13.55,1.36,0.91,176,0.752,0
2287,187,56.18,12.15,1.94,0.87,214,0.552,0
2288,136,45.46,11.56,1.57,0.89,152,0.622,0
2289,205,59.94,13.33,1.89,0.87,235,0.551,0
2290,186,67.11,14.62,2.16,0.72,258,0.585,0
2291,212,66.67,12.67,2.22,0.83,255,0.466,0
2292,178,54.53,12.58,1.86,0.88,202,0.576,0
2293,161,47.7,13.72,1.26,0.91,176,0.803,0
2294,210,57.7,14.12,1.68,0.9,233,0.605,0
2295,238,66.18,14.25,2.11,0.89,267,0.522,0
2296,163,51.11,11.0,1.75,0.91,179,0.543,0
2297,240,70.43,15.33,1.94,0.79,303,0.581,0
2298,184,56.77,12.09,1.96,0.86,213,0.538,0
2299,210,58.18,13.51,1.7,0.9,233,0.587,0
2300,185,57.7,12.97,1.89,0.87,212,0.563,0
2301,207,68.43,14.59,2.02,0.77,268,0.572,0
2302,183,56.53,12.61,1.83,0.86,212,0.574,0
2303,154,48.87,11.96,1.64,0.89,173,0.622,0
2304,193,57.6,12.02,2.19,0.89,216,0.496,0
2306,185,52.77,12.02,1.81,0.9,205,0.565,0
2307,154,51.11,11.65,1.74,0.89,173,0.568,0
2308,163,49.94,11.65,1.73,0.91,179,0.583,0
2309,191,55.94,13.74,1.55,0.89,214,0.638,0
2310,190,58.28,13.41,1.68,0.85,223,0.583,0
2311,215,63.36,13.82,1.91,0.88,244,0.559,0
2312,159,51.94,11.63,1.94,0.87,182,0.549,0
2313,184,53.6,12.02,1.92,0.89,206,0.556,0
2314,163,53.7,13.03,1.51,0.87,187,0.651,0
2315,213,60.77,13.31,1.92,0.9,236,0.541,0
2316,180,57.11,13.1,1.75,0.84,214,0.595,0
2317,153,48.28,11.0,1.62,0.93,164,0.566,0
2318,141,48.28,12.02,1.73,0.87,162,0.606,0
2319,149,46.87,11.0,1.72,0.91,163,0.57,0
2320,162,51.11,12.02,1.78,0.91,178,0.562,0
2321,280,80.91,13.78,2.63,0.82,341,0.421,0
2322,199,57.36,14.76,1.57,0.88,226,0.673,0
2323,180,57.01,11.31,2.41,0.87,206,0.463,0
2324,142,47.11,11.31,1.82,0.9,157,0.589,0
2325,224,69.6,14.44,2.14,0.8,280,0.547,0
2326,144,52.53,11.73,1.89,0.83,173,0.579,0
2328,142,46.87,11.63,1.65,0.89,159,0.599,0
2329,174,60.18,11.49,2.39,0.85,204,0.475,0
2330,221,61.6,15.48,1.65,0.87,254,0.664,0
2331,178,52.87,13.31,1.59,0.9,197,0.645,0
2332,163,55.36,11.56,2.28,0.83,196,0.493,0
2333,182,60.53,14.42,1.79,0.82,221,0.632,0
2334,244,64.77,14.7,1.92,0.87,280,0.557,0
2335,172,59.36,11.18,2.42,0.82,209,0.454,0
2336,184,58.77,11.96,2.23,0.85,216,0.501,0
2337,308,72.18,15.18,2.13,0.9,342,0.521,0
2338,184,65.6,13.7,2.05,0.78,235,0.574,0
2339,204,61.11,12.85,2.15,0.85,240,0.52,0
2340,226,63.5,12.02,2.32,0.89,253,0.451,0
2341,302,75.84,15.78,2.22,0.87,347,0.511,0
2342,209,63.84,12.73,2.33,0.84,248,0.468,0
2343,233,65.94,13.1,2.2,0.87,267,0.501,0
2344,182,61.25,11.09,2.56,0.83,219,0.439,0
2345,265,73.6,13.82,2.3,0.85,311,0.472,0
2346,155,51.36,11.77,1.75,0.86,180,0.613,0
2347,150,53.36,12.09,1.86,0.8,187,0.586,0
2348,200,57.94,13.72,1.72,0.87,229,0.611,0
2349,198,56.18,14.14,1.56,0.9,220,0.665,0
2351,173,59.36,13.44,2.14,0.82,210,0.584,0
2352,228,67.25,15.11,1.79,0.81,281,0.597,0
2353,173,57.94,12.0,2.11,0.84,205,0.516,0
2354,218,58.18,14.14,1.59,0.91,239,0.614,0
2355,159,57.6,11.38,2.28,0.84,189,0.493,0
2356,161,54.53,12.49,1.79,0.83,193,0.584,0
2357,216,61.01,13.12,2.04,0.89,242,0.515,0
2358,213,63.6,12.76,2.44,0.86,247,0.468,0
2359,192,63.36,12.0,2.44,0.86,223,0.455,0
2360,182,53.6,12.02,1.72,0.9,202,0.565,0
2361,204,63.94,13.05,2.17,0.82,248,0.494,0
2362,233,68.08,14.41,1.97,0.86,270,0.537,0
2363,182,50.28,13.44,1.43,0.93,195,0.7,0
2364,191,61.6,11.4,2.53,0.85,224,0.428,0
2365,120,42.63,11.0,1.46,0.89,134,0.709,0
2366,229,70.08,12.91,2.75,0.79,289,0.448,0
2367,214,60.77,14.16,1.82,0.86,248,0.573,0
2368,186,56.18,12.26,2.19,0.87,213,0.517,0
2370,184,57.36,12.0,1.94,0.87,211,0.537,0
2371,192,53.94,12.97,1.75,0.91,210,0.591,0
2372,195,57.94,12.97,1.88,0.88,221,0.556,0
2373,228,63.6,14.14,1.84,0.85,268,0.584,0
2374,123,44.28,10.61,1.7,0.88,139,0.575,0
2375,159,51.11,12.0,1.76,0.9,176,0.593,0
2377,174,52.87,12.02,1.91,0.88,197,0.572,0
