ID,Area,Perim.,Major,Minor,Circ.,Feret,MinFeret,AR,Round,Solidity,spore
7792,486,97.64,25.19,24.57,0.64,31.95,27.0,1.03,0.98,0.84,0
7826,360,89.25,38.42,11.93,0.57,36.89,13.41,3.22,0.31,0.86,0
9290,503,109.4,45.27,14.15,0.53,43.86,16.46,3.2,0.31,0.81,0
8091,307,72.43,22.33,17.5,0.74,23.77,20.0,1.28,0.78,0.86,0
1875,261,75.355,32.64,10.181,0.578,31.257,11.158,3.206,0.312,0.846,0
3578,308,83.98,34.77,11.28,0.55,34.66,14.14,3.08,0.32,0.82,0
936,214,59.698,21.295,12.795,0.755,22.472,13.0,1.664,0.601,0.905,0
6048,427,108.95,40.75,13.34,0.45,41.4,19.8,3.05,0.33,0.71,0
3872,287,84.08,33.62,10.87,0.51,33.6,13.03,3.09,0.32,0.81,0
9768,291,78.91,28.54,12.98,0.59,28.6,16.59,2.2,0.45,0.8,0
3112,116,42.87,14.211,10.393,0.793,15.524,11.0,1.367,0.731,0.889,0
377,334,84.77,34.65,12.273,0.584,34.132,13.399,2.823,0.354,0.877,0
2588,335,96.468,27.01,15.792,0.452,31.145,17.678,1.71,0.585,0.771,0
4407,342,81.5,32.01,13.6,0.65,33.02,15.69,2.35,0.42,0.87,0
8665,565,126.57,55.28,13.01,0.44,54.15,14.81,4.25,0.24,0.84,0
959,121,42.87,14.048,10.967,0.827,16.279,12.0,1.281,0.781,0.89,0
6986,572,137.3,62.24,11.7,0.38,59.24,13.14,5.32,0.19,0.83,0
9947,404,92.43,29.54,17.42,0.59,30.61,21.0,1.7,0.59,0.84,0
349,373,89.054,37.353,12.714,0.591,36.359,13.9,2.938,0.34,0.864,0
2836,371,80.083,27.177,17.381,0.727,30.0,19.368,1.564,0.64,0.885,0
2865,237,77.154,26.178,11.527,0.5,29.155,14.197,2.271,0.44,0.772,0
921,137,46.527,14.217,12.269,0.795,15.524,13.2,1.159,0.863,0.856,0
7793,299,82.08,30.18,12.61,0.56,31.76,14.42,2.39,0.42,0.84,0
6496,393,88.57,34.72,14.41,0.63,35.34,16.9,2.41,0.42,0.86,0
1584,116,41.456,15.037,9.822,0.848,15.811,10.983,1.531,0.653,0.892,0
1646,209,56.184,18.415,14.45,0.832,19.235,15.556,1.274,0.785,0.88,0
9300,290,67.6,24.3,15.19,0.8,26.25,16.3,1.6,0.63,0.9,0
8543,498,127.3,48.38,13.11,0.39,48.08,17.09,3.69,0.27,0.7,0
769,193,55.113,20.342,12.08,0.798,22.361,13.859,1.684,0.594,0.904,0
2238,371,115.397,36.548,12.925,0.35,42.379,18.722,2.828,0.354,0.6,0
2274,460,164.167,48.422,12.096,0.214,64.382,20.832,4.003,0.25,0.445,0
3108,500,121.397,49.503,12.86,0.426,49.366,15.876,3.849,0.26,0.807,0
8616,283,76.43,29.04,12.41,0.61,28.86,14.32,2.34,0.43,0.83,0
926,395,106.711,24.718,20.347,0.436,29.732,24.421,1.215,0.823,0.779,0
8964,443,119.15,42.84,13.17,0.39,44.6,18.19,3.25,0.31,0.67,0
3067,119,50.527,18.147,8.349,0.586,20.0,10.151,2.173,0.46,0.78,0
6470,375,94.53,41.81,11.42,0.53,39.85,12.64,3.66,0.27,0.88,0
4149,374,93.15,35.24,13.51,0.54,36.4,18.58,2.61,0.38,0.77,0
782,429,84.326,25.841,21.138,0.758,30.265,23.0,1.222,0.818,0.896,0
2840,473,80.669,24.699,24.383,0.913,26.42,25.0,1.013,0.987,0.938,0
3581,172,58.77,21.29,10.29,0.63,23.32,12.36,2.07,0.48,0.82,0
161,597,164.752,49.986,15.207,0.276,61.131,24.584,3.287,0.304,0.581,0
8920,376,90.57,32.51,14.73,0.58,35.85,17.39,2.21,0.45,0.86,0
6812,170,73.36,31.1,6.96,0.4,30.87,8.9,4.47,0.22,0.76,0
6867,263,82.43,31.02,10.79,0.49,32.25,12.87,2.87,0.35,0.8,0
9496,546,108.12,36.49,19.05,0.59,37.36,20.12,1.91,0.52,0.85,0
1724,244,63.598,22.115,14.048,0.758,23.409,16.64,1.574,0.635,0.878,0
9421,320,81.6,32.42,12.57,0.6,32.25,13.27,2.58,0.39,0.88,0
6400,292,77.84,32.6,11.4,0.61,32.45,12.93,2.86,0.35,0.84,0
8041,284,69.01,20.65,17.51,0.75,23.35,19.0,1.18,0.85,0.89,0
3827,574,116.95,32.94,22.19,0.53,38.95,24.75,1.48,0.67,0.85,0
6864,210,67.01,26.56,10.07,0.59,27.86,11.63,2.64,0.38,0.85,0
9204,395,96.18,42.04,11.96,0.54,40.26,12.65,3.51,0.28,0.88,0
6953,368,97.05,40.67,11.52,0.49,40.82,13.67,3.53,0.28,0.8,0
6580,183,53.11,17.83,13.07,0.82,19.8,14.14,1.36,0.73,0.9,0
1909,295,79.598,33.795,11.114,0.585,33.106,12.098,3.041,0.329,0.866,0
899,108,43.456,11.923,11.533,0.719,14.765,12.0,1.034,0.967,0.847,0
864,110,39.456,12.508,11.197,0.888,13.601,11.628,1.117,0.895,0.898,0
8930,381,92.81,40.31,12.03,0.56,40.31,14.14,3.35,0.3,0.85,0
3284,168,53.113,16.589,12.894,0.748,17.72,14.91,1.287,0.777,0.87,0
3407,235,64.669,22.993,13.013,0.706,24.839,14.837,1.767,0.566,0.861,0
4821,314,102.71,35.55,11.25,0.37,42.01,15.56,3.16,0.32,0.7,0
9749,368,81.36,29.32,15.98,0.7,30.08,17.23,1.84,0.54,0.89,0
9293,249,62.08,19.86,15.96,0.81,22.09,16.99,1.24,0.8,0.87,0
6852,304,112.08,46.4,8.34,0.3,48.27,10.77,5.56,0.18,0.79,0
5720,441,108.95,45.64,12.3,0.47,46.4,14.77,3.71,0.27,0.8,0
773,162,51.113,18.724,11.016,0.779,19.849,12.522,1.7,0.588,0.883,0
2036,102,56.184,20.866,6.224,0.406,23.431,7.778,3.353,0.298,0.736,0
9634,388,89.64,37.8,13.07,0.61,37.22,15.24,2.89,0.35,0.85,0
5150,551,144.37,38.62,18.16,0.33,48.3,26.48,2.13,0.47,0.68,0
849,159,47.698,16.56,12.225,0.878,17.804,12.969,1.355,0.738,0.914,0
3033,434,146.167,36.542,15.122,0.255,44.385,20.477,2.417,0.414,0.66,0
2219,445,132.853,46.096,12.292,0.317,52.01,17.652,3.75,0.267,0.653,0
9517,382,90.33,28.7,16.95,0.59,31.06,19.99,1.69,0.59,0.81,0
2221,363,114.225,34.431,13.424,0.35,43.29,18.712,2.565,0.39,0.616,0
8232,257,66.77,23.17,14.13,0.72,25.3,15.0,1.64,0.61,0.88,0
2027,201,62.184,21.37,11.976,0.653,22.825,13.313,1.784,0.56,0.88,0
7707,240,62.77,20.9,14.62,0.77,21.84,15.0,1.43,0.7,0.88,0
8316,481,136.85,37.42,16.37,0.32,46.53,25.48,2.29,0.44,0.61,0
3621,313,86.53,37.95,10.5,0.53,36.06,11.44,3.61,0.28,0.86,0
7644,198,54.77,20.52,12.29,0.83,21.63,13.44,1.67,0.6,0.92,0
4202,215,64.43,21.94,12.48,0.65,23.54,13.97,1.76,0.57,0.84,0
2293,546,162.652,30.873,22.518,0.259,41.195,30.439,1.371,0.729,0.618,0
270,461,124.853,44.987,13.047,0.372,46.861,17.196,3.448,0.29,0.728,0
6907,116,50.18,17.65,8.37,0.58,20.25,9.9,2.11,0.47,0.82,0
9325,240,64.43,20.19,15.13,0.73,21.93,16.34,1.33,0.75,0.89,0
6853,303,102.33,42.95,8.98,0.36,44.01,10.89,4.78,0.21,0.78,0
1832,249,71.799,32.63,9.716,0.607,30.414,9.689,3.358,0.298,0.922,0
7871,255,60.77,20.65,15.72,0.87,21.59,16.41,1.31,0.76,0.92,0
1060,218,64.184,22.69,12.233,0.665,24.187,14.579,1.855,0.539,0.842,0
876,188,54.527,18.636,12.845,0.795,19.416,14.0,1.451,0.689,0.883,0
7012,392,121.2,40.45,12.34,0.34,48.1,18.52,3.28,0.31,0.62,0
9840,381,119.2,43.66,11.11,0.34,46.53,17.26,3.93,0.25,0.64,0
9301,349,79.5,28.96,15.35,0.69,31.4,17.34,1.89,0.53,0.89,0
1538,213,62.426,23.086,11.747,0.687,24.083,13.969,1.965,0.509,0.844,0
1869,463,117.054,54.472,10.822,0.425,52.355,12.075,5.033,0.199,0.854,0
7773,236,62.43,19.08,15.75,0.76,22.14,17.37,1.21,0.83,0.88,0
6787,238,103.05,31.16,9.73,0.28,39.2,13.74,3.2,0.31,0.55,0
8556,178,72.53,30.6,7.41,0.43,31.05,8.56,4.13,0.24,0.8,0
279,351,88.426,37.866,11.802,0.564,37.696,14.429,3.208,0.312,0.856,0
6814,181,68.43,23.79,9.69,0.49,26.25,13.23,2.46,0.41,0.73,0
1271,237,73.497,31.779,9.496,0.551,31.064,11.514,3.347,0.299,0.794,0
2279,173,53.941,18.713,11.771,0.747,20.248,12.935,1.59,0.629,0.874,0
2113,253,80.083,25.374,12.695,0.496,28.284,16.0,1.999,0.5,0.696,0
2177,514,127.338,41.111,15.919,0.398,45.354,22.885,2.582,0.387,0.671,0
6160,300,94.33,31.52,12.12,0.42,34.71,17.47,2.6,0.38,0.68,0
6813,104,47.46,19.44,6.81,0.58,20.62,8.31,2.86,0.35,0.81,0
1005,181,54.77,20.736,11.114,0.758,22.023,12.338,1.866,0.536,0.887,0
863,118,42.87,15.344,9.792,0.807,15.524,10.733,1.567,0.638,0.861,0
6999,264,74.67,25.32,13.28,0.6,27.51,15.04,1.91,0.52,0.85,0
2835,267,74.083,29.188,11.647,0.611,29.967,14.763,2.506,0.399,0.817,0
3686,559,129.88,54.29,13.11,0.42,52.39,16.15,4.14,0.24,0.81,0
9335,445,105.6,46.7,12.13,0.5,44.18,12.0,3.85,0.26,0.9,0
6933,130,46.97,18.66,8.87,0.74,18.68,9.0,2.1,0.48,0.91,0
1751,233,66.669,29.382,10.097,0.659,29.069,11.314,2.91,0.344,0.879,0
6342,290,76.08,32.86,11.24,0.63,33.42,12.49,2.92,0.34,0.89,0
9442,394,92.08,26.58,18.88,0.58,29.15,23.7,1.41,0.71,0.8,0
5758,458,115.4,39.28,14.85,0.43,43.32,20.96,2.65,0.38,0.72,0
9668,194,53.11,19.95,12.38,0.86,20.59,13.21,1.61,0.62,0.92,0
3094,295,89.497,35.193,10.673,0.463,36.056,13.685,3.297,0.303,0.786,0
7022,402,107.98,38.15,13.42,0.43,41.18,17.84,2.84,0.35,0.77,0
9193,506,168.07,34.74,18.54,0.23,38.08,25.61,1.87,0.53,0.67,0
2511,421,93.154,31.742,16.887,0.61,34.886,20.374,1.88,0.532,0.82,0
4824,516,219.76,49.67,13.23,0.13,67.36,22.38,3.75,0.27,0.48,0
8457,499,122.12,51.42,12.35,0.42,50.77,15.65,4.16,0.24,0.81,0
880,448,101.74,25.084,22.74,0.544,30.083,26.87,1.103,0.907,0.808,0
7460,164,52.87,15.84,13.18,0.74,18.44,14.69,1.2,0.83,0.85,0
7520,355,84.57,35.78,12.63,0.62,35.47,13.64,2.83,0.35,0.86,0
3562,350,89.84,38.41,11.6,0.54,36.67,13.08,3.31,0.3,0.85,0
6740,394,110.81,40.43,12.41,0.4,43.05,16.12,3.26,0.31,0.75,0
2750,181,54.184,16.822,13.7,0.775,18.385,15.556,1.228,0.814,0.864,0
9419,427,98.71,42.99,12.65,0.55,42.2,13.7,3.4,0.29,0.87,0
7371,360,92.23,37.49,12.23,0.53,37.64,13.74,3.07,0.33,0.84,0
9637,115,42.63,15.41,9.5,0.8,16.64,10.79,1.62,0.62,0.87,0
7195,337,78.43,29.91,14.35,0.69,31.78,15.7,2.08,0.48,0.89,0
4653,118,78.28,33.45,4.49,0.24,35.01,5.99,7.45,0.13,0.72,0
199,475,142.125,37.594,16.088,0.296,47.676,22.625,2.337,0.428,0.645,0
4778,527,178.75,34.16,19.64,0.21,53.85,32.73,1.74,0.57,0.47,0
6804,175,65.01,22.53,9.89,0.52,23.32,12.44,2.28,0.44,0.76,0
7284,329,81.6,32.46,12.9,0.62,31.58,13.41,2.52,0.4,0.87,0
4201,195,63.36,24.32,10.21,0.61,24.74,11.67,2.38,0.42,0.84,0
5918,243,72.43,21.07,14.68,0.58,24.76,18.24,1.44,0.7,0.78,0
6759,145,50.28,18.73,9.86,0.72,19.31,10.93,1.9,0.53,0.88,0
9359,318,83.98,35.89,11.28,0.57,35.23,12.99,3.18,0.31,0.84,0
2553,528,140.267,36.407,18.466,0.337,43.681,27.892,1.972,0.507,0.626,0
1065,215,65.255,28.36,9.653,0.634,28.018,11.005,2.938,0.34,0.851,0
4664,598,131.05,39.9,19.08,0.44,44.65,26.48,2.09,0.48,0.74,0
1058,219,64.77,21.72,12.838,0.656,22.804,14.76,1.692,0.591,0.836,0
697,250,69.012,26.368,12.072,0.66,27.514,14.396,2.184,0.458,0.852,0
6849,133,47.11,18.1,9.35,0.75,18.6,10.63,1.94,0.52,0.88,0
771,153,50.527,17.382,11.207,0.753,18.788,12.348,1.551,0.645,0.874,0
932,117,39.799,13.213,11.275,0.928,14.422,12.0,1.172,0.853,0.936,0
8007,481,124.12,50.76,12.06,0.39,49.65,14.27,4.21,0.24,0.81,0
2696,368,85.74,25.029,18.72,0.629,28.844,23.117,1.337,0.748,0.801,0
2683,477,129.439,37.825,16.056,0.358,43.909,21.196,2.356,0.424,0.684,0
1296,248,70.87,31.177,10.128,0.62,29.833,11.006,3.078,0.325,0.883,0
790,155,45.698,16.83,11.726,0.933,17.493,12.6,1.435,0.697,0.92,0
2730,190,63.598,24.546,9.856,0.59,27.785,12.522,2.491,0.402,0.843,0
9096,367,85.25,26.55,17.6,0.63,28.18,20.93,1.51,0.66,0.85,0
4537,475,111.4,38.19,15.84,0.48,42.52,20.24,2.41,0.41,0.71,0
3003,442,117.196,39.077,14.402,0.404,44.204,21.213,2.713,0.369,0.712,0
7221,279,71.6,29.45,12.06,0.68,29.15,12.77,2.44,0.41,0.89,0
829,102,38.87,12.155,10.684,0.848,13.601,11.523,1.138,0.879,0.861,0
8381,431,114.23,43.44,12.63,0.42,46.24,17.28,3.44,0.29,0.71,0
626,275,72.77,28.957,12.092,0.653,28.16,13.309,2.395,0.418,0.868,0
4092,191,52.87,17.31,14.05,0.86,18.79,14.79,1.23,0.81,0.92,0
3290,338,103.054,26.534,16.219,0.4,28.653,21.213,1.636,0.611,0.768,0
521,263,84.083,28.05,11.938,0.467,29.206,15.109,2.35,0.426,0.793,0
7716,488,134.37,48.77,12.74,0.34,50.99,16.65,3.83,0.26,0.67,0
1863,285,75.154,31.507,11.517,0.634,30.017,12.795,2.736,0.366,0.848,0
7801,560,123.4,52.38,13.61,0.46,52.0,15.86,3.85,0.26,0.85,0
9213,355,81.84,27.27,16.57,0.67,29.15,20.0,1.65,0.61,0.88,0
8231,240,63.36,20.36,15.01,0.75,21.54,16.55,1.36,0.74,0.89,0
2360,492,141.681,35.397,17.697,0.308,48.083,27.76,2.0,0.5,0.543,0
7730,534,140.61,41.68,16.31,0.34,42.2,23.28,2.55,0.39,0.71,0
7782,314,76.91,32.0,12.49,0.67,32.56,13.99,2.56,0.39,0.9,0
3540,507,201.72,36.4,17.73,0.16,57.8,31.3,2.05,0.49,0.35,0
3000,325,100.326,36.304,11.398,0.406,37.336,14.572,3.185,0.314,0.688,0
1958,215,59.598,21.343,12.826,0.761,22.361,14.579,1.664,0.601,0.869,0
945,104,38.627,12.28,10.783,0.876,13.601,11.0,1.139,0.878,0.893,0
1350,230,65.841,25.581,11.448,0.667,26.627,13.598,2.235,0.447,0.846,0
9561,503,112.08,48.0,13.34,0.5,45.71,15.01,3.6,0.28,0.84,0
9886,329,79.74,33.25,12.6,0.65,33.42,14.14,2.64,0.38,0.88,0
7870,475,114.95,44.77,13.51,0.45,46.32,18.34,3.31,0.3,0.77,0
3009,262,78.184,31.633,10.546,0.539,30.676,12.213,3.0,0.333,0.806,0
6463,518,114.08,34.48,19.13,0.5,38.64,20.52,1.8,0.55,0.85,0
8655,370,89.74,32.1,14.67,0.58,34.13,18.35,2.19,0.46,0.8,0
1768,236,67.941,28.514,10.538,0.642,28.16,11.303,2.706,0.37,0.889,0
7072,370,95.15,36.64,12.86,0.51,36.77,14.86,2.85,0.35,0.84,0
6899,491,128.12,50.36,12.41,0.38,48.47,15.52,4.06,0.25,0.77,0
7016,428,98.81,29.19,18.67,0.55,32.57,24.78,1.56,0.64,0.76,0
4243,120,41.8,14.32,10.67,0.86,15.0,11.0,1.34,0.74,0.91,0
6725,262,62.77,20.44,16.32,0.84,21.4,16.99,1.25,0.8,0.91,0
946,128,50.284,13.763,11.841,0.636,18.385,13.0,1.162,0.86,0.766,0
4089,378,81.5,30.95,15.55,0.72,31.38,17.0,1.99,0.5,0.89,0
8248,526,134.27,48.05,13.94,0.37,50.8,17.47,3.45,0.29,0.7,0
7024,490,126.71,42.46,14.69,0.38,48.66,21.0,2.89,0.35,0.69,0
2282,548,180.066,70.542,9.891,0.212,77.026,14.88,7.132,0.14,0.566,0
7787,337,84.43,31.61,13.58,0.59,32.76,15.93,2.33,0.43,0.83,0
268,399,101.497,38.602,13.161,0.487,37.855,14.888,2.933,0.341,0.83,0
952,126,43.456,13.917,11.527,0.838,15.62,12.017,1.207,0.828,0.9,0
9564,382,89.15,33.56,14.49,0.6,34.71,16.26,2.32,0.43,0.88,0
564,574,132.468,34.315,21.298,0.411,42.72,24.975,1.611,0.621,0.769,0
189,383,98.912,37.265,13.086,0.492,36.497,15.0,2.848,0.351,0.846,0
2043,174,49.113,15.987,13.858,0.907,17.464,14.0,1.154,0.867,0.918,0
995,123,43.113,16.002,9.787,0.832,17.464,11.094,1.635,0.612,0.882,0
7092,390,95.64,38.91,12.76,0.54,38.21,14.6,3.05,0.33,0.84,0
1409,202,67.012,24.57,10.468,0.565,25.239,13.718,2.347,0.426,0.759,0
6890,108,46.87,19.12,7.19,0.62,19.7,8.43,2.66,0.38,0.85,0
8617,484,140.81,57.5,10.72,0.31,55.58,14.34,5.37,0.19,0.71,0
6276,510,120.23,45.41,14.3,0.44,44.18,17.54,3.17,0.31,0.8,0
1202,314,87.154,29.845,13.396,0.519,31.401,17.678,2.228,0.449,0.749,0
143,141,52.77,19.307,9.299,0.636,21.378,11.628,2.076,0.482,0.803,0
7020,430,130.12,42.15,12.99,0.32,45.22,19.0,3.24,0.31,0.62,0
1651,323,83.355,27.543,14.932,0.584,31.064,18.582,1.845,0.542,0.803,0
9430,372,97.15,38.99,12.15,0.5,39.82,15.08,3.21,0.31,0.81,0
7124,295,112.61,46.37,8.1,0.29,47.43,11.73,5.73,0.17,0.68,0
5078,578,162.27,39.98,18.41,0.28,49.65,26.55,2.17,0.46,0.6,0
8148,383,90.43,30.6,15.94,0.59,32.65,21.4,1.92,0.52,0.8,0
5436,570,115.54,31.61,22.96,0.54,38.48,27.08,1.38,0.73,0.77,0
4654,158,82.53,34.13,5.89,0.29,36.12,8.0,5.79,0.17,0.71,0
6913,337,95.3,37.66,11.39,0.47,36.4,14.28,3.3,0.3,0.76,0
7142,367,88.91,28.94,16.15,0.58,31.24,19.01,1.79,0.56,0.85,0
7934,466,116.02,46.56,12.74,0.44,46.86,18.04,3.65,0.27,0.74,0
7686,335,82.77,33.15,12.87,0.61,31.95,14.03,2.58,0.39,0.88,0
1652,169,49.456,15.667,13.734,0.868,16.971,14.0,1.141,0.877,0.909,0
3331,475,140.267,33.788,17.899,0.303,50.448,23.938,1.888,0.53,0.595,0
8189,215,65.84,20.24,13.53,0.62,23.71,15.69,1.5,0.67,0.81,0
6419,332,88.33,36.48,11.59,0.53,36.72,12.97,3.15,0.32,0.86,0
873,197,76.569,27.444,9.14,0.422,30.61,11.314,3.003,0.333,0.783,0
6350,203,75.6,22.94,11.27,0.45,26.25,13.72,2.04,0.49,0.73,0
1888,187,54.77,18.986,12.541,0.783,20.881,13.914,1.514,0.661,0.874,0
2154,346,91.154,33.65,13.092,0.523,37.802,16.275,2.57,0.389,0.785,0
4425,579,154.95,43.02,17.14,0.3,52.55,21.32,2.51,0.4,0.73,0
2133,304,100.811,27.76,13.943,0.376,33.615,18.82,1.991,0.502,0.619,0
2151,538,142.711,31.41,21.808,0.332,44.418,31.0,1.44,0.694,0.613,0
840,146,46.385,15.736,11.813,0.853,17.804,12.0,1.332,0.751,0.942,0
6510,479,117.98,50.22,12.14,0.43,48.02,15.21,4.14,0.24,0.79,0
9310,476,116.95,51.22,11.83,0.44,49.09,13.42,4.33,0.23,0.82,0
1523,108,38.042,13.286,10.35,0.938,13.892,11.18,1.284,0.779,0.919,0
5950,141,51.94,14.98,11.98,0.66,17.2,14.55,1.25,0.8,0.82,0
2804,383,93.983,40.252,12.115,0.545,41.34,14.145,3.323,0.301,0.868,0
6747,568,142.99,59.26,12.2,0.35,60.21,16.16,4.86,0.21,0.72,0
6876,533,144.27,46.0,14.75,0.32,57.01,21.49,3.12,0.32,0.62,0
9317,398,100.67,39.82,12.72,0.49,38.64,15.28,3.13,0.32,0.83,0
360,417,107.882,36.612,14.502,0.45,42.297,18.51,2.525,0.396,0.706,0
967,114,39.213,12.556,11.561,0.932,14.213,12.0,1.086,0.921,0.916,0
6528,551,124.91,56.07,12.51,0.44,52.17,13.82,4.48,0.22,0.83,0
6963,408,95.98,40.43,12.85,0.56,40.36,14.69,3.15,0.32,0.82,0
6430,280,72.77,25.23,14.13,0.66,28.02,16.99,1.79,0.56,0.86,0
7204,320,83.01,33.96,12.0,0.58,32.7,13.14,2.83,0.35,0.86,0
3312,125,46.042,16.411,9.698,0.741,18.358,11.236,1.692,0.591,0.859,0
1887,298,84.912,29.123,13.029,0.519,31.257,16.0,2.235,0.447,0.788,0
2908,308,72.184,28.887,13.575,0.743,29.155,15.179,2.128,0.47,0.901,0
973,153,47.113,17.715,10.997,0.866,18.601,12.0,1.611,0.621,0.911,0
6100,223,65.36,21.12,13.44,0.66,23.54,14.96,1.57,0.64,0.83,0
9084,291,80.53,33.08,11.2,0.56,32.89,13.0,2.95,0.34,0.85,0
5748,272,72.18,24.82,13.95,0.66,25.63,15.11,1.78,0.56,0.86,0
1706,142,45.456,17.294,10.454,0.864,18.028,11.0,1.654,0.604,0.925,0
9709,328,86.81,36.43,11.46,0.55,35.23,13.27,3.18,0.31,0.82,0
2798,427,117.74,40.367,13.468,0.387,45.486,17.354,2.997,0.334,0.741,0
1165,218,61.012,20.212,13.733,0.736,22.361,15.953,1.472,0.679,0.857,0
9343,446,108.12,48.32,11.75,0.48,46.4,13.58,4.11,0.24,0.84,0
9275,383,91.11,39.54,12.33,0.58,37.66,13.5,3.21,0.31,0.88,0
6550,316,83.01,34.53,11.65,0.58,34.0,12.64,2.96,0.34,0.87,0
908,200,74.77,29.872,8.525,0.45,32.696,10.436,3.504,0.285,0.828,0
9066,511,119.78,50.55,12.87,0.45,48.41,15.19,3.93,0.25,0.79,0
915,175,52.87,17.819,12.504,0.787,19.416,13.396,1.425,0.702,0.886,0
6888,505,133.78,43.74,14.7,0.35,50.7,21.75,2.98,0.34,0.62,0
983,128,68.912,16.571,9.835,0.339,21.19,13.333,1.685,0.593,0.66,0
6519,490,128.61,50.07,12.46,0.37,47.71,15.15,4.02,0.25,0.76,0
7316,525,124.23,54.9,12.18,0.43,52.39,14.79,4.51,0.22,0.82,0
1974,243,69.012,28.966,10.681,0.641,28.653,12.522,2.712,0.369,0.839,0
7888,338,91.05,36.74,11.71,0.51,35.47,14.14,3.14,0.32,0.81,0
4900,362,89.84,36.01,12.8,0.56,36.72,15.1,2.81,0.36,0.85,0
589,294,70.527,28.436,13.164,0.743,28.636,14.0,2.16,0.463,0.916,0
9937,424,93.84,36.91,14.63,0.61,36.5,16.83,2.52,0.4,0.86,0
9294,246,65.84,19.58,15.99,0.71,21.21,17.89,1.22,0.82,0.86,0
7414,436,110.81,42.84,12.96,0.45,42.44,16.49,3.31,0.3,0.74,0
8659,250,61.36,19.68,16.17,0.83,21.4,16.98,1.22,0.82,0.89,0
9570,417,103.4,44.79,11.85,0.49,43.38,14.59,3.78,0.26,0.81,0
914,214,58.284,21.883,12.452,0.792,22.472,13.316,1.757,0.569,0.907,0
770,113,44.042,16.833,8.547,0.732,18.439,9.985,1.969,0.508,0.859,0
1228,211,73.255,28.791,9.331,0.494,28.792,12.077,3.086,0.324,0.787,0
1655,260,65.355,22.134,14.956,0.765,24.413,16.898,1.48,0.676,0.893,0
7995,428,116.23,37.94,14.36,0.4,39.96,16.86,2.64,0.38,0.81,0
9064,351,88.43,36.32,12.3,0.56,35.9,13.45,2.95,0.34,0.85,0
7777,380,91.4,38.79,12.47,0.57,38.95,14.85,3.11,0.32,0.85,0
7945,467,120.81,37.91,15.68,0.4,43.27,21.55,2.42,0.41,0.68,0
1708,344,80.669,29.582,14.806,0.664,30.806,17.147,1.998,0.501,0.88,0
9362,364,88.91,32.13,14.42,0.58,35.34,16.53,2.23,0.45,0.85,0
742,158,50.77,17.013,11.824,0.77,18.601,12.728,1.439,0.695,0.878,0
6201,515,161.78,29.69,22.09,0.25,46.57,34.31,1.34,0.74,0.48,0
8530,340,79.15,24.88,17.4,0.68,27.29,20.36,1.43,0.7,0.86,0
1703,257,69.012,24.549,13.329,0.678,25.06,16.72,1.842,0.543,0.812,0
2837,398,94.326,32.207,15.734,0.562,32.28,20.0,2.047,0.489,0.82,0
897,155,46.87,16.182,12.196,0.887,17.464,12.823,1.327,0.754,0.904,0
1173,199,61.012,23.334,10.859,0.672,24.042,12.528,2.149,0.465,0.829,0
9520,183,51.7,17.83,13.07,0.86,18.38,13.52,1.36,0.73,0.92,0
3298,527,84.669,26.947,24.901,0.924,28.844,25.456,1.082,0.924,0.946,0
9107,210,57.36,21.43,12.47,0.8,22.83,13.6,1.72,0.58,0.91,0
778,247,64.77,18.958,16.589,0.74,20.809,18.308,1.143,0.875,0.865,0
809,372,89.255,36.897,12.837,0.587,35.355,13.0,2.874,0.348,0.894,0
5200,278,76.18,25.1,14.1,0.6,27.73,14.79,1.78,0.56,0.87,0
6758,481,93.15,27.9,21.95,0.7,30.68,23.65,1.27,0.79,0.88,0
396,587,131.539,37.333,20.02,0.426,44.598,25.458,1.865,0.536,0.739,0
6855,343,97.54,41.71,10.47,0.45,42.01,12.89,3.98,0.25,0.83,0
5406,552,162.17,39.89,17.62,0.26,47.27,24.89,2.26,0.44,0.6,0
2216,406,128.468,37.132,13.922,0.309,44.011,18.902,2.667,0.375,0.625,0
9447,353,78.91,25.05,17.94,0.71,26.93,20.88,1.4,0.72,0.87,0
924,115,41.456,13.016,11.25,0.841,15.0,12.0,1.157,0.864,0.891,0
867,127,42.385,14.73,10.977,0.888,16.401,11.767,1.342,0.745,0.927,0
6971,316,87.25,36.22,11.11,0.52,34.79,12.77,3.26,0.31,0.82,0
6543,108,41.7,12.83,10.72,0.78,14.87,11.71,1.2,0.84,0.85,0
7305,266,72.18,29.42,11.51,0.64,29.41,13.15,2.56,0.39,0.84,0
1714,446,106.811,33.62,16.891,0.491,36.77,22.095,1.99,0.502,0.774,0
6921,394,96.23,39.56,12.68,0.53,40.0,15.21,3.12,0.32,0.83,0
7851,548,129.3,53.76,12.98,0.41,51.26,14.86,4.14,0.24,0.84,0
319,395,89.74,35.851,14.028,0.616,35.903,16.463,2.556,0.391,0.87,0
7690,547,151.1,38.32,18.18,0.3,45.65,22.63,2.11,0.47,0.62,0
1912,176,48.527,16.35,13.706,0.939,18.028,14.0,1.193,0.838,0.936,0
6892,139,44.87,13.69,12.93,0.87,15.26,13.0,1.06,0.94,0.9,0
1571,175,51.113,16.59,13.431,0.842,18.028,14.0,1.235,0.81,0.895,0
2340,377,128.853,32.145,14.933,0.285,42.521,24.93,2.153,0.465,0.541,0
2464,407,98.912,34.374,15.076,0.523,34.928,17.0,2.28,0.439,0.834,0
837,288,65.598,19.629,18.681,0.841,21.401,19.516,1.051,0.952,0.9,0
6578,369,89.84,36.56,12.85,0.57,35.11,13.86,2.84,0.35,0.88,0
9488,286,76.18,31.46,11.58,0.62,31.02,13.0,2.72,0.37,0.86,0
346,332,92.669,38.942,10.855,0.486,37.162,12.919,3.587,0.279,0.787,0
6866,127,45.46,13.94,11.6,0.77,16.28,12.0,1.2,0.83,0.88,0
7766,321,75.6,24.99,16.35,0.71,27.78,19.0,1.53,0.65,0.87,0
7784,340,78.43,29.66,14.6,0.69,30.46,16.61,2.03,0.49,0.87,0
6753,136,54.18,14.51,11.93,0.58,16.64,13.82,1.22,0.82,0.79,0
2566,390,96.569,26.734,18.574,0.526,32.696,21.797,1.439,0.695,0.769,0
6851,274,109.01,44.44,7.85,0.29,48.17,10.0,5.66,0.18,0.77,0
9167,529,135.44,54.68,12.32,0.36,52.7,16.31,4.44,0.23,0.74,0
2145,133,42.042,14.622,11.581,0.946,15.232,11.783,1.263,0.792,0.924,0
9188,513,114.67,50.99,12.81,0.49,48.51,13.69,3.98,0.25,0.89,0
9333,470,113.2,51.49,11.62,0.46,49.24,13.33,4.43,0.23,0.82,0
1583,156,46.284,16.354,12.145,0.915,17.088,12.494,1.347,0.743,0.915,0
2708,426,108.368,42.205,12.852,0.456,45.343,14.894,3.284,0.305,0.826,0
2695,278,94.468,26.839,13.188,0.391,34.713,16.971,2.035,0.491,0.745,0
2641,389,97.74,27.38,18.09,0.512,30.463,21.755,1.514,0.661,0.775,0
2856,305,75.355,30.309,12.813,0.675,29.428,14.0,2.366,0.423,0.893,0
9518,405,104.57,36.91,13.97,0.47,38.33,17.77,2.64,0.38,0.8,0
6807,273,85.4,31.42,11.06,0.47,35.85,14.85,2.84,0.35,0.75,0
2528,394,91.397,28.678,17.493,0.593,33.541,21.0,1.639,0.61,0.807,0
9474,282,71.84,30.33,11.84,0.69,30.41,13.4,2.56,0.39,0.87,0
6878,159,50.28,17.36,11.66,0.79,18.87,12.85,1.49,0.67,0.89,0
2987,107,39.799,14.434,9.438,0.849,16.401,10.607,1.529,0.654,0.915,0
188,577,173.48,36.741,19.995,0.241,46.098,27.617,1.837,0.544,0.644,0
2717,349,78.527,26.468,16.789,0.711,28.231,18.0,1.576,0.634,0.889,0
7508,560,127.4,56.51,12.62,0.43,53.85,14.44,4.48,0.22,0.83,0
6806,126,45.46,15.16,10.58,0.77,17.03,12.76,1.43,0.7,0.83,0
3406,175,53.941,19.831,11.236,0.756,21.19,13.0,1.765,0.567,0.873,0
7270,287,69.5,21.88,16.7,0.75,25.46,16.97,1.31,0.76,0.88,0
5849,471,137.98,43.21,13.88,0.31,51.35,22.0,3.11,0.32,0.64,0
316,376,86.669,35.447,13.506,0.629,36.401,15.331,2.625,0.381,0.891,0
6323,540,142.57,60.9,11.29,0.33,60.83,14.84,5.39,0.19,0.74,0
620,362,82.669,27.958,16.486,0.666,30.0,20.536,1.696,0.59,0.837,0
2543,232,67.841,22.413,13.179,0.633,26.401,15.409,1.701,0.588,0.847,0
2226,380,132.853,45.744,10.577,0.271,55.973,16.193,4.325,0.231,0.606,0
868,298,78.912,27.266,13.916,0.601,29.411,17.403,1.959,0.51,0.827,0
7854,541,125.64,48.73,14.14,0.43,47.93,18.52,3.45,0.29,0.78,0
1786,127,41.113,13.566,11.92,0.944,14.56,12.728,1.138,0.879,0.914,0
9304,411,91.5,36.04,14.52,0.62,35.9,17.3,2.48,0.4,0.84,0
7182,310,78.91,32.41,12.18,0.63,32.56,13.44,2.66,0.38,0.86,0
6310,534,118.67,49.78,13.66,0.48,50.45,15.38,3.64,0.27,0.87,0
3577,309,80.57,33.6,11.71,0.6,32.65,13.44,2.87,0.35,0.85,0
9393,390,94.81,29.36,16.91,0.55,33.12,20.8,1.74,0.58,0.83,0
9022,272,68.91,20.32,17.05,0.72,22.09,19.0,1.19,0.84,0.85,0
6808,111,43.21,16.46,8.59,0.75,17.8,9.59,1.92,0.52,0.89,0
8814,584,172.17,64.27,11.57,0.25,67.68,20.2,5.55,0.18,0.57,0
9302,401,96.47,40.1,12.73,0.54,39.7,14.55,3.15,0.32,0.83,0
767,296,77.497,32.568,11.572,0.619,31.906,12.821,2.814,0.355,0.852,0
7250,325,80.43,33.84,12.23,0.63,32.76,13.47,2.77,0.36,0.86,0
7045,274,74.18,30.25,11.53,0.63,30.08,12.52,2.62,0.38,0.88,0
762,127,42.627,16.292,9.925,0.878,17.804,11.2,1.642,0.609,0.924,0
3107,452,78.669,24.225,23.757,0.918,25.942,24.0,1.02,0.981,0.945,0
1183,234,74.426,26.772,11.129,0.531,27.313,14.81,2.406,0.416,0.795,0
9820,599,133.2,47.63,16.01,0.42,52.5,21.12,2.97,0.34,0.75,0
1047,305,80.326,34.681,11.198,0.594,33.287,12.316,3.097,0.323,0.847,0
4622,457,129.2,50.68,11.48,0.34,49.77,16.48,4.41,0.23,0.67,0
8582,393,87.5,29.89,16.74,0.65,30.08,18.98,1.79,0.56,0.8,0
6931,254,65.6,22.68,14.26,0.74,23.77,15.66,1.59,0.63,0.86,0
7309,452,113.74,48.36,11.9,0.44,46.87,13.33,4.06,0.25,0.87,0
5897,425,106.57,35.95,15.05,0.47,39.0,20.31,2.39,0.42,0.74,0
9829,410,95.74,27.98,18.65,0.56,29.97,21.33,1.5,0.67,0.83,0
4650,122,62.28,27.31,5.69,0.4,27.46,7.07,4.8,0.21,0.8,0
6579,475,115.84,47.76,12.66,0.44,47.07,14.0,3.77,0.27,0.86,0
3027,271,88.326,18.982,18.177,0.437,24.698,20.055,1.044,0.958,0.708,0
822,410,86.912,29.4,17.756,0.682,31.321,20.798,1.656,0.604,0.864,0
9696,387,83.01,30.46,16.17,0.71,30.68,19.0,1.88,0.53,0.86,0
9751,239,80.67,31.82,9.56,0.46,32.2,13.05,3.33,0.3,0.73,0
2654,164,51.598,17.158,12.17,0.774,18.028,13.695,1.41,0.709,0.843,0
5191,348,83.84,33.43,13.26,0.62,33.24,14.88,2.52,0.4,0.86,0
2724,251,69.012,25.036,12.765,0.662,25.239,14.316,1.961,0.51,0.855,0
3320,210,57.355,17.875,14.958,0.802,19.925,16.0,1.195,0.837,0.888,0
929,101,37.213,12.574,10.227,0.917,13.601,11.0,1.23,0.813,0.914,0
2610,468,128.953,38.289,15.563,0.354,45.343,21.587,2.46,0.406,0.696,0
3317,239,62.669,23.06,13.196,0.765,24.739,14.735,1.747,0.572,0.887,0
7355,428,100.81,38.5,14.15,0.53,41.73,17.2,2.72,0.37,0.83,0
2199,383,84.912,32.432,15.036,0.668,32.757,17.313,2.157,0.464,0.885,0
2703,337,91.397,29.976,14.314,0.507,31.953,17.325,2.094,0.478,0.784,0
2269,526,183.037,51.499,13.005,0.197,64.9,25.134,3.96,0.253,0.425,0
9351,342,84.23,35.72,12.19,0.61,34.71,13.44,2.93,0.34,0.87,0
7420,315,76.18,30.36,13.21,0.68,30.27,14.0,2.3,0.44,0.9,0
7454,335,82.53,34.5,12.36,0.62,32.76,12.51,2.79,0.36,0.91,0
2789,410,105.154,40.101,13.018,0.466,43.324,16.916,3.08,0.325,0.772,0
255,555,167.48,39.284,17.988,0.249,50.695,27.952,2.184,0.458,0.539,0
77,238,67.598,24.286,12.478,0.655,24.352,14.597,1.946,0.514,0.856,0
872,128,46.527,14.73,11.064,0.743,16.492,12.0,1.331,0.751,0.865,0
2562,348,80.912,26.198,16.913,0.668,28.018,20.414,1.549,0.646,0.83,0
4307,147,55.11,16.94,11.05,0.61,19.7,13.0,1.53,0.65,0.8,0
2050,148,45.456,17.42,10.818,0.9,17.72,11.0,1.61,0.621,0.931,0
9915,346,87.36,35.64,12.36,0.57,33.96,13.23,2.88,0.35,0.88,0
2215,573,197.622,55.371,13.176,0.184,69.354,22.794,4.202,0.238,0.505,0
900,104,36.87,12.014,11.022,0.961,13.038,11.314,1.09,0.917,0.912,0
7112,385,88.91,34.5,14.21,0.61,34.18,17.56,2.43,0.41,0.81,0
3966,165,56.18,19.22,10.93,0.66,21.63,13.28,1.76,0.57,0.81,0
9669,345,85.74,35.75,12.29,0.59,35.61,13.85,2.91,0.34,0.87,0
318,341,89.397,32.793,13.24,0.536,32.65,15.71,2.477,0.404,0.805,0
8672,276,68.18,24.23,14.5,0.75,25.81,16.44,1.67,0.6,0.89,0
6326,303,79.5,32.65,11.82,0.6,32.25,14.2,2.76,0.36,0.87,0
6654,493,123.64,53.17,11.81,0.41,50.57,13.6,4.5,0.22,0.83,0
7466,500,121.54,51.39,12.39,0.43,49.66,15.29,4.15,0.24,0.8,0
6542,315,81.6,33.54,11.96,0.59,33.24,12.0,2.81,0.36,0.88,0
6348,495,106.67,45.55,13.84,0.55,44.64,15.01,3.29,0.3,0.87,0
4614,473,127.44,35.62,16.91,0.37,44.29,23.02,2.11,0.47,0.65,0
2136,336,88.326,30.532,14.012,0.541,31.305,17.0,2.179,0.459,0.824,0
720,337,85.983,37.435,11.462,0.573,35.805,13.0,3.266,0.306,0.83,0
2025,245,61.355,20.079,15.536,0.818,21.541,17.278,1.292,0.774,0.897,0
3704,297,82.08,34.45,10.98,0.55,33.54,12.52,3.14,0.32,0.83,0
8593,425,97.05,31.71,17.06,0.57,35.0,21.58,1.86,0.54,0.82,0
3321,180,51.698,17.449,13.135,0.846,19.416,13.992,1.328,0.753,0.907,0
7206,529,120.85,52.74,12.77,0.46,50.25,14.85,4.13,0.24,0.81,0
976,145,48.627,18.444,10.01,0.771,20.0,11.18,1.843,0.543,0.918,0
3275,135,45.355,13.741,12.509,0.825,15.524,13.0,1.099,0.91,0.882,0
9878,459,122.95,32.15,18.18,0.38,42.64,23.3,1.77,0.57,0.7,0
7475,339,99.98,31.38,13.76,0.43,32.89,18.34,2.28,0.44,0.74,0
345,327,84.083,32.338,12.875,0.581,33.838,15.176,2.512,0.398,0.846,0
883,112,38.385,13.261,10.754,0.955,14.142,10.0,1.233,0.811,0.945,0
1306,160,48.527,15.492,13.15,0.854,17.464,14.0,1.178,0.849,0.879,0
497,367,112.368,47.496,9.838,0.365,46.648,13.33,4.828,0.207,0.717,0
8661,579,175.24,63.55,11.6,0.24,69.07,20.43,5.48,0.18,0.59,0
9583,144,51.94,17.53,10.46,0.67,18.6,11.83,1.68,0.6,0.84,0
4491,542,166.75,50.86,13.57,0.24,57.38,21.01,3.75,0.27,0.54,0
761,142,45.113,14.027,12.889,0.877,15.264,13.864,1.088,0.919,0.893,0
1164,194,59.698,24.964,9.895,0.684,24.331,11.0,2.523,0.396,0.888,0
698,144,46.87,17.224,10.645,0.824,18.601,11.649,1.618,0.618,0.889,0
8221,349,104.47,36.44,12.19,0.4,39.7,16.26,2.99,0.33,0.71,0
3616,431,110.81,46.75,11.74,0.44,44.01,13.91,3.98,0.25,0.79,0
9102,131,45.21,14.63,11.4,0.81,16.4,12.0,1.28,0.78,0.9,0
7323,302,85.5,29.66,12.96,0.52,30.89,16.99,2.29,0.44,0.77,0
3372,342,90.811,26.006,16.744,0.521,33.121,18.805,1.553,0.644,0.813,0
2183,166,55.355,20.576,10.272,0.681,21.378,11.498,2.003,0.499,0.843,0
6355,533,130.95,47.7,14.23,0.39,52.01,19.71,3.35,0.3,0.69,0
6472,535,125.05,55.04,12.38,0.43,51.97,13.83,4.45,0.22,0.84,0
9257,393,100.91,37.59,13.31,0.48,36.25,16.39,2.82,0.35,0.81,0
4017,592,150.37,39.02,19.32,0.33,51.62,26.07,2.02,0.5,0.64,0
2682,303,86.912,26.845,14.371,0.504,30.083,17.669,1.868,0.535,0.759,0
2965,351,88.912,34.121,13.098,0.558,36.62,16.322,2.605,0.384,0.787,0
3340,350,94.569,38.528,11.566,0.492,38.079,14.311,3.331,0.3,0.774,0
8687,165,67.11,19.1,11.0,0.46,23.26,13.86,1.74,0.58,0.69,0
6227,112,41.21,14.95,9.54,0.83,15.52,9.0,1.57,0.64,0.93,0
1305,105,39.456,13.972,9.569,0.848,14.56,10.286,1.46,0.685,0.886,0
871,171,51.698,15.903,13.69,0.804,17.889,14.0,1.162,0.861,0.877,0
8238,271,65.6,21.26,16.23,0.79,22.8,18.34,1.31,0.76,0.88,0
3556,270,77.25,31.39,10.95,0.57,31.06,12.52,2.87,0.35,0.82,0
3595,491,104.81,27.83,22.46,0.56,32.7,24.71,1.24,0.81,0.84,0
1585,362,79.255,31.08,14.83,0.724,31.78,16.942,2.096,0.477,0.898,0
6663,260,73.5,31.12,10.64,0.6,31.24,11.74,2.93,0.34,0.86,0
2159,548,128.368,50.636,13.779,0.418,53.451,17.198,3.675,0.272,0.786,0
2584,453,111.64,37.018,15.581,0.457,40.608,18.729,2.376,0.421,0.805,0
9327,443,95.98,38.47,14.66,0.6,37.34,16.34,2.62,0.38,0.84,0
9186,591,110.47,41.63,18.08,0.61,42.45,20.39,2.3,0.43,0.87,0
911,113,41.698,13.571,10.602,0.817,15.264,11.649,1.28,0.781,0.869,0
5230,462,99.15,30.25,19.45,0.59,34.21,22.61,1.56,0.64,0.8,0
6805,394,86.08,28.51,17.6,0.67,31.3,20.76,1.62,0.62,0.86,0
9714,240,65.11,22.36,13.67,0.71,25.08,14.0,1.64,0.61,0.89,0
6769,584,154.41,42.18,17.63,0.31,45.49,25.68,2.39,0.42,0.69,0
7335,585,155.2,49.65,15.0,0.31,52.2,20.0,3.31,0.3,0.7,0
884,362,90.083,36.38,12.669,0.561,36.688,13.379,2.871,0.348,0.862,0
7991,264,91.15,19.79,16.98,0.4,26.93,21.0,1.17,0.86,0.7,0
839,182,53.941,16.912,13.702,0.786,19.416,15.0,1.234,0.81,0.901,0
7660,134,50.28,20.47,8.34,0.67,20.62,9.89,2.46,0.41,0.83,0
980,113,41.213,12.531,11.481,0.836,14.422,11.783,1.091,0.916,0.893,0
5673,273,68.67,27.24,12.76,0.73,26.63,14.03,2.14,0.47,0.87,0
1365,101,38.971,13.667,9.41,0.836,15.556,10.436,1.452,0.689,0.902,0
320,372,96.912,38.675,12.247,0.498,38.275,15.28,3.158,0.317,0.793,0
1830,197,57.598,20.762,12.081,0.746,22.204,13.313,1.719,0.582,0.881,0
6811,249,108.77,48.99,6.47,0.26,48.09,8.0,7.57,0.13,0.76,0
421,572,150.267,47.163,15.442,0.318,55.362,22.831,3.054,0.327,0.65,0
3412,216,104.083,43.674,6.297,0.251,45.398,9.302,6.936,0.144,0.649,0
6327,269,73.6,27.35,12.52,0.62,27.89,15.0,2.18,0.46,0.84,0
256,288,90.912,33.174,11.054,0.438,35.693,14.681,3.001,0.333,0.727,0
1925,107,38.385,13.529,10.07,0.913,14.318,10.0,1.343,0.744,0.934,0
8624,345,85.64,33.66,13.05,0.59,34.21,14.66,2.58,0.39,0.83,0
9404,534,121.3,28.73,23.67,0.46,36.35,28.5,1.21,0.82,0.75,0
6560,153,60.77,21.68,8.99,0.52,23.02,11.38,2.41,0.41,0.75,0
266,425,122.711,44.882,12.057,0.355,46.53,15.325,3.723,0.269,0.701,0
7834,291,75.94,31.04,11.94,0.63,30.08,13.32,2.6,0.38,0.88,0
8484,581,128.91,58.21,12.71,0.44,54.74,13.56,4.58,0.22,0.88,0
9550,300,95.15,27.41,13.94,0.42,32.65,19.0,1.97,0.51,0.69,0
7100,495,117.74,49.61,12.71,0.45,49.16,14.0,3.9,0.26,0.85,0
9168,307,77.84,29.87,13.09,0.64,31.91,15.61,2.28,0.44,0.85,0
5989,135,43.21,14.69,11.7,0.91,15.3,11.0,1.26,0.8,0.92,0
8452,375,101.25,38.7,12.34,0.46,40.2,16.08,3.14,0.32,0.76,0
6791,408,90.67,35.34,14.7,0.62,36.24,16.13,2.4,0.42,0.87,0
8085,100,42.04,16.75,7.6,0.71,18.03,8.63,2.2,0.45,0.87,0
5860,574,146.85,41.12,17.77,0.33,53.24,25.03,2.31,0.43,0.65,0
4371,533,87.15,26.56,25.55,0.88,28.65,26.12,1.04,0.96,0.92,0
2273,237,64.184,24.409,12.363,0.723,25.0,14.0,1.974,0.506,0.876,0
7332,463,104.47,44.73,13.18,0.53,44.41,16.2,3.39,0.29,0.82,0
5038,520,137.05,52.69,12.56,0.35,57.71,18.72,4.19,0.24,0.68,0
3675,305,82.18,35.66,10.89,0.57,34.21,11.63,3.28,0.31,0.87,0
898,178,52.284,18.602,12.183,0.818,21.024,13.0,1.527,0.655,0.913,0
7379,411,99.05,30.23,17.31,0.53,33.6,20.09,1.75,0.57,0.82,0
3814,148,49.7,15.55,12.12,0.75,17.8,14.0,1.28,0.78,0.85,0
8411,450,107.78,37.95,15.1,0.49,40.85,18.03,2.51,0.4,0.79,0
4797,304,72.77,29.01,13.34,0.72,29.07,14.44,2.17,0.46,0.92,0
9559,560,134.17,59.96,11.89,0.39,58.26,14.09,5.04,0.2,0.79,0
6831,385,101.05,41.63,11.77,0.47,41.77,13.6,3.54,0.28,0.82,0
5256,193,116.27,45.78,5.37,0.18,47.8,9.85,8.53,0.12,0.5,0
6794,245,67.25,21.16,14.74,0.68,22.36,16.9,1.44,0.7,0.85,0
298,386,89.64,39.002,12.601,0.604,37.643,13.435,3.095,0.323,0.872,0
6969,473,138.17,57.12,10.54,0.31,60.14,14.43,5.42,0.18,0.73,0
9451,287,76.57,33.17,11.02,0.62,32.56,12.38,3.01,0.33,0.84,0
7963,288,73.7,30.33,12.09,0.67,29.41,12.61,2.51,0.4,0.88,0
5760,308,90.91,34.33,11.42,0.47,36.69,13.94,3.01,0.33,0.77,0
1692,106,39.456,15.018,8.987,0.856,15.811,9.899,1.671,0.598,0.902,0
7706,225,61.11,21.76,13.16,0.76,23.43,15.56,1.65,0.6,0.87,0
9733,498,110.33,47.84,13.25,0.51,45.61,14.32,3.61,0.28,0.87,0
9250,321,83.25,24.99,16.36,0.58,27.86,20.3,1.53,0.65,0.82,0
8561,254,60.77,20.31,15.92,0.86,21.63,16.74,1.28,0.78,0.91,0
2415,556,119.054,36.131,19.593,0.493,37.802,25.941,1.844,0.542,0.774,0
7164,109,40.28,12.19,11.38,0.84,13.6,12.0,1.07,0.93,0.88,0
6368,511,128.37,54.85,11.86,0.39,52.84,15.26,4.62,0.22,0.78,0
6919,231,68.43,21.81,13.48,0.62,23.41,14.51,1.62,0.62,0.86,0
802,106,38.042,12.044,11.206,0.92,13.416,11.767,1.075,0.93,0.898,0
7098,505,129.54,50.72,12.68,0.38,54.2,16.12,4.0,0.25,0.74,0
1022,279,74.326,27.758,12.798,0.635,28.16,15.589,2.169,0.461,0.816,0
2564,415,120.368,32.969,16.027,0.36,38.328,24.0,2.057,0.486,0.656,0
200,320,87.154,33.16,12.287,0.529,32.45,16.46,2.699,0.371,0.784,0
5075,512,100.08,34.92,18.67,0.64,36.5,20.43,1.87,0.53,0.85,0
7436,518,117.05,49.11,13.43,0.48,47.54,15.25,3.66,0.27,0.84,0
7054,570,153.4,36.45,19.91,0.3,49.04,30.99,1.83,0.55,0.61,0
6331,386,140.61,31.17,15.77,0.25,37.0,21.43,1.98,0.51,0.66,0
7459,312,83.25,33.54,11.84,0.57,34.0,13.6,2.83,0.35,0.85,0
9353,522,143.34,34.72,19.14,0.32,45.61,28.11,1.81,0.55,0.63,0
5346,566,159.34,62.82,11.47,0.28,67.12,19.35,5.48,0.18,0.63,0
2905,302,75.841,29.229,13.156,0.66,30.887,15.784,2.222,0.45,0.87,0
9704,287,74.67,25.56,14.3,0.65,28.64,16.51,1.79,0.56,0.86,0
3738,323,102.57,31.37,13.11,0.39,35.47,15.56,2.39,0.42,0.77,0
699,157,68.184,22.095,9.047,0.424,25.179,12.0,2.442,0.409,0.742,0
2787,268,61.012,19.406,17.583,0.905,20.616,17.678,1.104,0.906,0.926,0
5756,493,105.05,41.09,15.28,0.56,41.4,19.46,2.69,0.37,0.8,0
2751,289,81.983,30.782,11.954,0.54,32.45,14.7,2.575,0.388,0.803,0
700,196,68.083,22.424,11.129,0.531,25.495,13.188,2.015,0.496,0.812,0
1038,153,47.456,16.368,11.902,0.854,18.028,12.0,1.375,0.727,0.916,0
7084,138,49.36,20.55,8.55,0.71,20.59,9.52,2.4,0.42,0.88,0
8760,117,43.46,12.81,11.63,0.78,14.42,12.0,1.1,0.91,0.88,0
3854,341,101.88,38.74,11.21,0.41,39.05,16.16,3.46,0.29,0.67,0
7102,418,102.43,45.71,11.64,0.5,43.42,12.73,3.93,0.25,0.87,0
6738,188,64.08,19.91,12.02,0.58,21.95,14.93,1.66,0.6,0.78,0
862,134,44.284,15.707,10.862,0.859,16.125,11.513,1.446,0.692,0.896,0
1654,110,40.042,15.065,9.297,0.862,15.524,9.758,1.62,0.617,0.894,0
2111,566,173.095,56.613,12.729,0.237,67.476,19.693,4.447,0.225,0.54,0
5249,223,98.18,44.99,6.31,0.29,44.38,8.02,7.13,0.14,0.77,0
869,167,55.355,15.851,13.414,0.685,17.72,14.0,1.182,0.846,0.872,0
467,566,175.48,38.707,18.618,0.231,61.188,30.372,2.079,0.481,0.486,0
2576,415,125.882,29.369,17.992,0.329,39.962,22.571,1.632,0.613,0.683,0
9075,147,78.33,35.65,5.25,0.3,35.51,7.16,6.79,0.15,0.68,0
2283,487,165.338,42.266,14.671,0.224,54.745,20.0,2.881,0.347,0.555,0
2984,260,83.497,25.825,12.819,0.469,26.87,17.15,2.015,0.496,0.746,0
5456,391,115.3,31.93,15.59,0.37,37.66,24.07,2.05,0.49,0.63,0
4615,143,53.7,19.98,9.11,0.62,20.22,10.24,2.19,0.46,0.81,0
8338,504,142.95,40.56,15.82,0.31,47.89,22.2,2.56,0.39,0.62,0
8396,373,102.12,44.26,10.73,0.45,43.14,13.37,4.12,0.24,0.81,0
2753,196,78.569,20.061,12.44,0.399,25.495,15.146,1.613,0.62,0.714,0
9880,381,93.25,35.98,13.48,0.55,36.06,16.64,2.67,0.37,0.8,0
9651,337,88.81,36.62,11.72,0.54,36.4,14.18,3.12,0.32,0.81,0
4267,372,116.12,34.67,13.66,0.35,44.1,18.68,2.54,0.39,0.66,0
3244,458,80.326,24.828,23.487,0.892,26.476,23.335,1.057,0.946,0.939,0
1220,295,80.184,34.367,10.929,0.577,33.377,12.373,3.145,0.318,0.853,0
1006,252,77.74,21.358,15.022,0.524,24.042,18.385,1.422,0.703,0.772,0
8301,557,93.74,28.13,25.21,0.8,31.38,26.16,1.12,0.9,0.91,0
9090,358,91.01,38.15,11.95,0.54,37.16,12.97,3.19,0.31,0.87,0
9420,348,87.5,37.39,11.85,0.57,36.67,13.52,3.16,0.32,0.86,0
954,155,48.627,16.624,11.871,0.824,18.868,13.0,1.4,0.714,0.904,0
2962,303,73.012,26.851,14.368,0.714,27.459,16.413,1.869,0.535,0.871,0
7240,489,113.25,50.81,12.25,0.48,48.51,13.92,4.15,0.24,0.85,0
6402,430,128.67,53.83,10.17,0.33,53.24,13.85,5.29,0.19,0.69,0
291,320,88.326,34.14,11.934,0.515,35.468,15.35,2.861,0.35,0.785,0
3542,293,82.08,35.36,10.55,0.55,34.99,11.63,3.35,0.3,0.86,0
8386,430,109.74,42.66,12.84,0.45,42.45,15.13,3.32,0.3,0.82,0
7693,275,74.08,29.63,11.82,0.63,29.73,13.31,2.51,0.4,0.85,0
6951,118,42.38,12.65,11.87,0.83,14.87,12.0,1.07,0.94,0.9,0
6263,121,42.04,16.15,9.54,0.86,17.2,10.61,1.69,0.59,0.92,0
9318,381,99.4,28.29,17.15,0.48,29.61,21.96,1.65,0.61,0.76,0
6797,278,118.85,29.05,12.19,0.25,41.23,18.86,2.38,0.42,0.58,0
9239,103,47.21,19.56,6.7,0.58,18.97,7.64,2.92,0.34,0.84,0
7330,170,50.04,16.97,12.76,0.85,18.44,13.28,1.33,0.75,0.92,0
7846,478,121.78,50.5,12.05,0.41,49.52,15.79,4.19,0.24,0.73,0
741,339,83.841,34.892,12.37,0.606,34.54,14.437,2.821,0.355,0.846,0
191,278,96.083,40.913,8.652,0.378,39.56,11.272,4.729,0.211,0.742,0
2972,437,109.154,45.342,12.271,0.461,45.607,14.558,3.695,0.271,0.832,0
2650,291,76.326,27.385,13.53,0.628,29.411,16.235,2.024,0.494,0.819,0
3635,241,65.84,21.18,14.49,0.7,22.2,16.16,1.46,0.68,0.86,1
4930,327,83.01,30.86,13.49,0.6,31.58,15.38,2.29,0.44,0.85,1
1227,105,38.627,13.87,9.639,0.884,14.866,10.607,1.439,0.695,0.913,1
6378,160,47.46,17.78,11.46,0.89,18.44,11.0,1.55,0.64,0.93,1
2980,214,64.184,25.139,10.839,0.653,26.926,12.612,2.319,0.431,0.859,1
4780,307,72.18,26.45,14.78,0.74,28.65,16.07,1.79,0.56,0.9,1
754,154,49.941,19.286,10.167,0.776,20.0,11.314,1.897,0.527,0.885,1
9425,254,72.28,27.81,11.63,0.61,28.64,14.94,2.39,0.42,0.81,1
7429,241,63.01,23.04,13.32,0.76,23.6,14.57,1.73,0.58,0.9,1
5466,150,46.63,14.88,12.83,0.87,16.64,13.0,1.16,0.86,0.9,1
4042,224,62.08,20.26,14.08,0.73,21.54,16.6,1.44,0.69,0.85,1
1182,130,42.87,16.187,10.226,0.889,16.763,10.914,1.583,0.632,0.915,1
9951,186,53.46,19.09,12.41,0.82,19.65,13.0,1.54,0.65,0.9,1
6949,106,38.38,13.36,10.1,0.9,14.87,10.73,1.32,0.76,0.93,1
8975,115,41.56,13.16,11.13,0.84,16.28,11.66,1.18,0.85,0.91,1
2953,163,51.113,19.06,10.889,0.784,20.248,11.0,1.75,0.571,0.913,1
2429,198,53.941,19.409,12.989,0.855,19.925,13.598,1.494,0.669,0.912,1
2821,212,67.012,26.65,10.128,0.593,28.302,12.65,2.631,0.38,0.835,1
2217,293,93.983,32.487,11.483,0.417,36.401,14.739,2.829,0.353,0.74,1
6829,192,57.11,22.21,11.0,0.74,22.8,12.73,2.02,0.5,0.87,1
1664,111,39.698,14.696,9.617,0.885,15.264,10.286,1.528,0.654,0.91,1
6205,216,58.53,22.77,12.08,0.79,24.21,13.0,1.88,0.53,0.92,1
2917,174,59.598,22.988,9.637,0.616,24.187,11.492,2.385,0.419,0.851,1
1962,111,38.87,14.256,9.914,0.923,14.866,10.607,1.438,0.695,0.925,1
1573,110,40.284,15.999,8.754,0.852,16.401,9.4,1.828,0.547,0.898,1
7881,149,48.87,15.88,11.95,0.78,17.46,12.75,1.33,0.75,0.89,1
1648,133,44.627,17.362,9.754,0.839,17.464,10.0,1.78,0.562,0.92,1
2513,191,59.698,21.092,11.53,0.673,23.707,13.453,1.829,0.547,0.84,1
9164,158,47.7,17.81,11.3,0.87,18.6,12.48,1.58,0.63,0.91,1
1812,113,39.213,14.222,10.116,0.923,15.264,11.0,1.406,0.711,0.934,1
5459,131,45.46,13.87,12.03,0.8,17.03,12.99,1.15,0.87,0.89,1
9680,208,59.11,20.6,12.85,0.75,21.19,14.0,1.6,0.62,0.89,1
1110,118,41.113,15.191,9.89,0.877,16.763,10.733,1.536,0.651,0.901,1
1943,135,42.87,15.374,11.181,0.923,16.155,12.0,1.375,0.727,0.928,1
8630,115,39.21,13.89,10.54,0.94,15.0,11.32,1.32,0.76,0.93,1
9263,105,38.28,11.92,11.21,0.9,13.42,11.83,1.06,0.94,0.89,1
8205,209,52.87,17.74,15.0,0.94,19.42,16.0,1.18,0.85,0.94,1
9386,228,61.84,22.5,12.9,0.75,23.85,14.1,1.74,0.57,0.88,1
878,164,47.113,16.999,12.284,0.928,17.804,12.728,1.384,0.723,0.921,1
4059,191,57.6,20.36,11.94,0.72,21.93,13.08,1.7,0.59,0.87,1
8228,183,55.94,19.81,11.76,0.73,20.25,13.0,1.68,0.59,0.87,1
7384,213,57.25,21.37,12.69,0.82,21.54,13.44,1.68,0.59,0.89,1
9007,244,64.28,22.52,13.79,0.74,24.21,14.86,1.63,0.61,0.88,1
9939,154,47.46,16.75,11.7,0.86,17.8,13.0,1.43,0.7,0.91,1
6771,388,93.05,35.78,13.81,0.56,36.88,15.15,2.59,0.39,0.83,1
6796,163,49.21,15.35,13.52,0.85,18.44,14.0,1.14,0.88,0.91,1
3597,208,58.28,21.35,12.4,0.77,21.84,13.0,1.72,0.58,0.9,1
3563,175,52.87,20.77,10.73,0.79,20.88,11.64,1.94,0.52,0.91,1
2663,263,84.669,21.238,15.767,0.461,25.71,20.761,1.347,0.742,0.738,1
1347,119,41.698,15.638,9.689,0.86,16.125,10.539,1.614,0.62,0.902,1
9416,246,71.6,23.68,13.23,0.6,25.94,16.28,1.79,0.56,0.82,1
5819,132,44.04,13.7,12.27,0.86,16.28,12.66,1.12,0.9,0.91,1
2184,329,84.426,29.629,14.138,0.58,30.083,16.263,2.096,0.477,0.818,1
1837,134,44.284,15.998,10.665,0.859,16.492,11.0,1.5,0.667,0.899,1
7216,219,61.11,22.04,12.65,0.74,23.35,13.42,1.74,0.57,0.88,1
6270,122,42.28,14.39,10.79,0.86,15.26,11.63,1.33,0.75,0.88,1
9527,204,55.7,20.51,12.67,0.83,21.54,13.0,1.62,0.62,0.93,1
5564,133,43.46,14.35,11.8,0.89,15.81,12.73,1.22,0.82,0.9,1
6795,149,46.87,16.21,11.7,0.85,18.03,13.0,1.39,0.72,0.91,1
9827,221,58.53,22.27,12.64,0.81,22.67,13.21,1.76,0.57,0.92,1
8243,193,55.36,18.93,12.98,0.79,20.0,13.95,1.46,0.69,0.88,1
1129,117,40.627,14.488,10.282,0.891,15.0,11.0,1.409,0.71,0.907,1
1986,137,44.527,16.31,10.695,0.868,17.088,11.628,1.525,0.656,0.898,1
74,141,46.042,15.723,11.418,0.836,16.763,12.0,1.377,0.726,0.898,1
5105,204,53.94,20.75,12.52,0.88,21.4,13.27,1.66,0.6,0.93,1
9042,226,61.01,22.55,12.76,0.76,24.08,14.14,1.77,0.57,0.91,1
1787,162,48.77,17.827,11.571,0.856,18.028,12.025,1.541,0.649,0.883,1
1893,117,39.698,14.438,10.318,0.933,15.0,10.607,1.399,0.715,0.911,1
688,187,52.527,20.693,11.506,0.852,21.401,12.6,1.798,0.556,0.926,1
8058,206,58.28,21.67,12.1,0.76,21.84,13.0,1.79,0.56,0.9,1
3689,194,53.94,19.89,12.42,0.84,20.62,13.96,1.6,0.62,0.9,1
9174,198,55.36,22.15,11.38,0.81,22.67,12.02,1.95,0.51,0.92,1
9024,220,58.53,21.95,12.76,0.81,22.85,13.6,1.72,0.58,0.93,1
5639,141,45.7,14.73,12.19,0.85,16.4,12.73,1.21,0.83,0.88,1
3490,126,43.7,14.02,11.44,0.83,15.65,12.0,1.23,0.82,0.88,1
1725,142,45.213,17.568,10.292,0.873,18.385,10.0,1.707,0.586,0.944,1
7665,203,59.11,20.64,12.52,0.73,21.95,13.0,1.65,0.61,0.89,1
1480,130,41.799,15.305,10.815,0.935,16.401,11.0,1.415,0.707,0.945,1
6010,217,62.77,23.02,12.0,0.69,24.21,13.42,1.92,0.52,0.88,1
7438,221,61.6,22.19,12.68,0.73,23.54,13.99,1.75,0.57,0.87,1
297,214,58.527,23.034,11.829,0.785,23.409,12.969,1.947,0.514,0.92,1
7147,173,49.46,17.3,12.73,0.89,17.89,13.0,1.36,0.74,0.91,1
1475,108,39.456,14.76,9.317,0.872,15.524,10.0,1.584,0.631,0.904,1
506,212,59.113,22.102,12.213,0.762,23.409,12.587,1.81,0.553,0.9,1
1935,125,41.698,15.31,10.395,0.903,16.125,11.18,1.473,0.679,0.909,1
8127,183,52.53,19.12,12.19,0.83,20.52,13.06,1.57,0.64,0.9,1
4617,167,49.11,17.0,12.51,0.87,17.69,12.97,1.36,0.74,0.91,1
3234,344,107.054,41.855,10.465,0.377,42.202,14.063,4.0,0.25,0.681,1
9487,109,41.46,13.33,10.41,0.8,15.62,11.6,1.28,0.78,0.88,1
479,185,52.284,19.793,11.9,0.85,21.26,12.728,1.663,0.601,0.934,1
6483,140,43.46,14.4,12.38,0.93,15.3,12.0,1.16,0.86,0.92,1
1363,131,42.627,16.282,10.244,0.906,16.492,10.0,1.589,0.629,0.942,1
1619,132,43.213,16.39,10.254,0.888,16.492,10.0,1.598,0.626,0.936,1
5101,336,83.01,30.51,14.02,0.61,32.31,17.47,2.18,0.46,0.82,1
844,179,50.284,18.151,12.556,0.89,18.868,13.728,1.446,0.692,0.92,1
7701,214,63.01,22.26,12.24,0.68,23.35,14.25,1.82,0.55,0.84,1
3512,528,137.5,62.96,10.68,0.35,59.03,12.76,5.9,0.17,0.81,1
128,115,40.042,13.488,10.856,0.901,14.866,12.0,1.242,0.805,0.906,1
7628,102,36.97,12.3,10.56,0.94,13.45,10.0,1.16,0.86,0.94,1
1747,183,51.113,18.929,12.309,0.88,19.313,12.649,1.538,0.65,0.924,1
6835,117,39.8,14.45,10.31,0.93,15.65,10.0,1.4,0.71,0.94,1
8658,158,50.87,18.43,10.91,0.77,19.42,11.96,1.69,0.59,0.88,1
9440,106,40.38,12.06,11.19,0.82,14.21,11.0,1.08,0.93,0.93,1
8963,135,50.53,14.66,11.72,0.66,17.0,12.87,1.25,0.8,0.83,1
7090,105,40.63,11.77,11.36,0.8,13.6,12.0,1.04,0.97,0.88,1
3393,114,42.284,15.356,9.452,0.801,16.643,10.607,1.625,0.616,0.891,1
2665,177,53.012,17.173,13.123,0.791,18.439,13.914,1.309,0.764,0.885,1
3543,170,49.94,18.39,11.77,0.86,19.1,12.73,1.56,0.64,0.9,1
9006,150,48.87,14.5,13.17,0.79,16.4,14.0,1.1,0.91,0.89,1
3299,184,58.184,22.852,10.252,0.683,24.207,12.348,2.229,0.449,0.866,1
9439,200,57.7,21.77,11.7,0.75,22.47,12.07,1.86,0.54,0.9,1
9515,237,69.36,24.28,12.43,0.62,25.0,14.0,1.95,0.51,0.84,1
7667,213,57.36,21.86,12.4,0.81,23.02,13.55,1.76,0.57,0.9,1
9452,182,53.7,19.97,11.6,0.79,21.4,13.18,1.72,0.58,0.9,1
3413,174,52.042,20.126,11.008,0.807,21.095,12.07,1.828,0.547,0.909,1
3590,180,52.77,19.75,11.6,0.81,21.1,12.73,1.7,0.59,0.91,1
7875,151,48.28,15.51,12.4,0.81,16.76,12.99,1.25,0.8,0.89,1
2506,237,59.355,22.381,13.483,0.845,23.087,14.23,1.66,0.602,0.929,1
866,195,54.527,19.917,12.466,0.824,20.616,13.868,1.598,0.626,0.894,1
7649,195,60.18,21.08,11.78,0.68,24.04,13.86,1.79,0.56,0.86,1
9324,233,65.7,22.68,13.08,0.68,22.85,14.0,1.73,0.58,0.89,1
5445,267,73.84,29.37,11.58,0.62,30.48,14.85,2.54,0.39,0.84,1
8187,156,50.28,16.46,12.07,0.78,18.44,13.82,1.36,0.73,0.89,1
8999,214,58.04,22.47,12.13,0.8,23.6,12.97,1.85,0.54,0.94,1
6388,169,50.53,16.74,12.85,0.83,18.38,13.0,1.3,0.77,0.92,1
405,181,52.042,20.347,11.326,0.84,20.616,11.0,1.796,0.557,0.935,1
548,166,51.698,20.918,10.104,0.78,22.204,11.384,2.07,0.483,0.92,1
9961,222,61.36,24.43,11.57,0.74,25.55,12.97,2.11,0.47,0.91,1
1929,105,38.385,13.44,9.947,0.896,14.318,10.0,1.351,0.74,0.929,1
3250,198,58.042,21.118,11.938,0.739,21.932,12.919,1.769,0.565,0.878,1
8480,130,43.8,15.98,10.36,0.85,17.69,11.83,1.54,0.65,0.93,1
6052,156,47.46,15.49,12.82,0.87,17.49,13.73,1.21,0.83,0.9,1
5165,107,37.8,11.9,11.45,0.94,13.04,11.0,1.04,0.96,0.93,1
1720,124,41.213,14.72,10.725,0.917,15.264,11.0,1.372,0.729,0.925,1
993,147,46.284,16.139,11.597,0.862,17.088,12.33,1.392,0.719,0.902,1
5635,116,43.8,13.28,11.12,0.76,15.26,11.93,1.19,0.84,0.87,1
9152,208,56.04,21.15,12.52,0.83,21.54,12.82,1.69,0.59,0.93,1
2062,141,44.042,16.454,10.911,0.913,16.763,11.0,1.508,0.663,0.931,1
2042,113,38.627,14.042,10.246,0.952,15.0,11.0,1.37,0.73,0.934,1
9077,192,53.94,19.74,12.38,0.83,20.62,13.6,1.59,0.63,0.89,1
7980,201,56.77,20.87,12.26,0.78,21.95,14.14,1.7,0.59,0.87,1
1814,139,44.042,16.731,10.578,0.901,17.117,10.0,1.582,0.632,0.936,1
2481,204,54.527,19.792,13.123,0.862,20.591,13.864,1.508,0.663,0.917,1
2725,173,50.87,18.156,12.132,0.84,18.868,12.649,1.497,0.668,0.908,1
550,331,89.497,27.034,15.59,0.519,29.547,18.114,1.734,0.577,0.83,1
7954,199,55.46,20.37,12.44,0.81,21.02,13.0,1.64,0.61,0.93,1
1602,107,39.456,14.386,9.47,0.864,15.62,9.899,1.519,0.658,0.922,1
9092,157,48.53,18.26,10.95,0.84,18.87,12.34,1.67,0.6,0.88,1
1034,176,53.698,18.198,12.314,0.767,19.105,12.969,1.478,0.677,0.887,1
1330,106,37.799,13.598,9.925,0.932,15.0,10.607,1.37,0.73,0.942,1
4,167,50.527,19.013,11.183,0.822,19.849,12.021,1.7,0.588,0.884,1
2533,194,56.284,19.753,12.505,0.77,20.881,13.0,1.58,0.633,0.894,1
6212,266,73.11,27.59,12.27,0.63,28.44,14.0,2.25,0.44,0.85,1
1016,138,45.113,14.368,12.229,0.852,15.811,13.0,1.175,0.851,0.893,1
100,128,43.113,15.417,10.571,0.865,16.125,11.314,1.458,0.686,0.898,1
6954,214,68.43,27.3,9.98,0.57,29.21,11.59,2.73,0.37,0.84,1
3467,117,40.87,13.18,11.3,0.88,14.56,12.0,1.17,0.86,0.89,1
3946,188,55.11,20.24,11.83,0.78,20.88,13.18,1.71,0.58,0.88,1
8680,229,61.36,24.1,12.1,0.76,24.17,13.02,1.99,0.5,0.9,1
659,173,53.456,19.048,11.564,0.761,20.616,12.944,1.647,0.607,0.915,1
1167,122,42.042,15.939,9.745,0.867,16.553,10.672,1.636,0.611,0.9,1
8637,198,54.04,22.24,11.34,0.85,21.59,11.0,1.96,0.51,0.95,1
904,206,55.456,19.682,13.326,0.842,21.024,14.0,1.477,0.677,0.918,1
7818,177,52.63,18.39,12.26,0.8,19.42,12.0,1.5,0.67,0.91,1
8220,200,54.04,20.62,12.35,0.86,20.88,12.0,1.67,0.6,0.94,1
977,161,52.77,18.145,11.297,0.727,19.209,12.075,1.606,0.623,0.861,1
1563,119,40.87,15.766,9.611,0.895,16.553,10.429,1.64,0.61,0.912,1
1562,103,38.627,13.901,9.434,0.867,15.0,10.286,1.474,0.679,0.904,1
1797,125,43.113,16.648,9.56,0.845,17.205,9.899,1.742,0.574,0.906,1
2445,265,66.669,25.71,13.124,0.749,26.87,14.142,1.959,0.51,0.892,1
2633,183,65.598,22.781,10.228,0.534,26.683,12.0,2.227,0.449,0.797,1
5195,151,51.94,15.25,12.6,0.7,18.36,13.0,1.21,0.83,0.85,1
7179,207,58.77,22.42,11.75,0.75,23.02,13.02,1.91,0.52,0.89,1
5721,130,44.87,13.13,12.6,0.81,15.65,13.0,1.04,0.96,0.88,1
7103,223,59.11,21.1,13.46,0.8,21.84,15.0,1.57,0.64,0.89,1
8594,187,52.28,19.88,11.98,0.86,20.62,12.0,1.66,0.6,0.93,1
716,164,48.284,18.383,11.359,0.884,18.868,11.8,1.618,0.618,0.929,1
82,148,50.87,16.876,11.166,0.719,17.72,12.0,1.511,0.662,0.86,1
1767,143,45.456,16.515,11.025,0.87,17.464,11.375,1.498,0.668,0.914,1
6873,202,63.25,23.06,11.16,0.63,24.21,12.73,2.07,0.48,0.85,1
1531,103,38.87,14.521,9.031,0.857,15.0,9.947,1.608,0.622,0.88,1
566,193,56.284,22.252,11.043,0.766,24.187,12.522,2.015,0.496,0.93,1
8182,151,45.7,15.83,12.14,0.91,16.55,12.76,1.3,0.77,0.91,1
7862,145,46.28,16.63,11.1,0.85,18.03,12.73,1.5,0.67,0.88,1
165,202,60.527,22.805,11.278,0.693,23.087,12.162,2.022,0.495,0.88,1
2731,142,46.284,17.35,10.421,0.833,17.889,11.068,1.665,0.601,0.896,1
5591,190,60.18,18.0,13.44,0.66,20.25,13.0,1.34,0.75,0.88,1
1668,110,40.042,14.96,9.362,0.862,15.524,10.0,1.598,0.626,0.913,1
5629,192,55.11,18.97,12.89,0.79,19.65,13.91,1.47,0.68,0.89,1
6754,397,100.33,36.91,13.69,0.5,39.0,16.45,2.7,0.37,0.78,1
3325,183,56.527,18.862,12.353,0.72,19.925,13.761,1.527,0.655,0.855,1
2172,171,51.355,20.365,10.691,0.815,21.26,11.314,1.905,0.525,0.912,1
6271,201,63.25,26.91,9.51,0.63,26.4,10.8,2.83,0.35,0.84,1
931,209,56.284,20.892,12.737,0.829,21.19,13.0,1.64,0.61,0.927,1
9873,139,46.87,15.13,11.69,0.8,16.64,13.13,1.29,0.77,0.87,1
5658,131,43.46,14.49,11.51,0.87,15.52,12.0,1.26,0.79,0.9,1
8645,161,52.53,15.99,12.82,0.73,17.69,14.0,1.25,0.8,0.85,1
7191,145,46.28,17.17,10.75,0.85,17.8,11.63,1.6,0.63,0.92,1
6011,129,42.04,13.97,11.76,0.92,14.87,12.0,1.19,0.84,0.91,1
513,206,56.87,21.229,12.355,0.8,22.472,13.0,1.718,0.582,0.909,1
5455,176,51.21,18.1,12.38,0.84,19.21,13.0,1.46,0.68,0.93,1
3611,204,57.36,22.45,11.57,0.78,22.8,12.78,1.94,0.52,0.88,1
9248,212,58.63,20.93,12.9,0.78,23.32,13.27,1.62,0.62,0.91,1
7650,163,55.36,19.46,10.67,0.67,21.19,12.0,1.82,0.55,0.84,1
2048,114,38.627,14.221,10.207,0.96,14.866,10.0,1.393,0.718,0.934,1
3507,134,44.87,15.0,11.37,0.84,17.03,12.0,1.32,0.76,0.92,1
441,156,46.627,17.848,11.129,0.902,18.028,11.0,1.604,0.624,0.943,1
2194,317,72.669,29.35,13.752,0.754,30.232,15.0,2.134,0.469,0.915,1
9418,232,63.94,21.15,13.97,0.71,22.83,16.73,1.51,0.66,0.86,1
9417,151,46.63,15.16,12.68,0.87,17.2,13.0,1.2,0.84,0.93,1
6301,162,52.04,16.46,12.53,0.75,19.24,13.0,1.31,0.76,0.86,1
9582,205,58.77,22.83,11.43,0.75,24.84,12.02,2.0,0.5,0.91,1
6356,203,57.01,22.71,11.38,0.78,23.43,12.02,2.0,0.5,0.9,1
1504,145,45.456,17.094,10.8,0.882,18.028,12.021,1.583,0.632,0.935,1
9203,172,53.94,16.66,13.14,0.74,17.8,14.84,1.27,0.79,0.85,1
1733,164,48.87,19.396,10.766,0.863,19.925,11.0,1.802,0.555,0.937,1
2973,150,54.184,20.285,9.415,0.642,21.401,10.817,2.154,0.464,0.843,1
1517,130,43.213,16.403,10.091,0.875,17.0,10.733,1.625,0.615,0.935,1
2961,187,55.598,21.514,11.067,0.76,22.023,12.148,1.944,0.514,0.874,1
6660,185,53.46,20.5,11.49,0.81,21.47,12.33,1.78,0.56,0.9,1
1467,118,40.385,15.547,9.664,0.909,15.811,9.0,1.609,0.622,0.952,1
4134,303,76.08,28.26,13.65,0.66,29.83,16.03,2.07,0.48,0.88,1
8475,195,53.94,20.2,12.29,0.84,20.81,13.34,1.64,0.61,0.9,1
7467,118,40.04,13.27,11.32,0.92,14.32,11.0,1.17,0.85,0.91,1
4952,144,44.87,15.5,11.83,0.9,16.4,12.65,1.31,0.76,0.91,1
722,187,53.941,21.148,11.259,0.808,22.825,12.6,1.878,0.532,0.914,1
1774,165,47.456,17.28,12.158,0.921,17.464,12.0,1.421,0.704,0.938,1
1002,112,38.87,12.412,11.489,0.932,13.601,12.0,1.08,0.926,0.918,1
6779,193,53.46,17.41,14.12,0.85,18.68,14.0,1.23,0.81,0.93,1
9875,213,56.87,22.12,12.26,0.83,22.14,12.59,1.8,0.55,0.92,1
8428,216,59.36,22.38,12.29,0.77,22.47,12.97,1.82,0.55,0.89,1
8210,122,40.04,13.24,11.73,0.96,14.32,12.0,1.13,0.89,0.93,1
7682,169,51.7,18.17,11.84,0.79,18.97,12.5,1.53,0.65,0.9,1
3350,182,56.284,19.222,12.056,0.722,20.616,12.0,1.594,0.627,0.883,1
9888,168,51.7,19.54,10.95,0.79,21.54,12.0,1.79,0.56,0.9,1
4963,117,44.04,13.25,11.24,0.76,16.4,12.33,1.18,0.85,0.85,1
109,130,43.456,15.685,10.553,0.865,16.553,11.371,1.486,0.673,0.903,1
8901,125,42.87,13.78,11.55,0.85,15.52,12.0,1.19,0.84,0.88,1
5512,129,42.04,15.36,10.69,0.92,16.12,11.63,1.44,0.7,0.92,1
9896,171,52.87,19.07,11.42,0.77,21.4,13.12,1.67,0.6,0.89,1
986,176,55.355,20.679,10.837,0.722,22.825,12.676,1.908,0.524,0.863,1
1088,124,42.87,16.276,9.7,0.848,16.763,10.286,1.678,0.596,0.915,1
7494,208,55.8,21.43,12.36,0.84,21.93,12.0,1.73,0.58,0.95,1
1795,122,40.627,14.365,10.814,0.929,15.0,11.0,1.328,0.753,0.931,1
7197,201,54.87,20.97,12.2,0.84,21.93,13.0,1.72,0.58,0.93,1
7829,209,61.7,21.92,12.14,0.69,24.84,14.32,1.81,0.55,0.85,1
4795,244,71.01,24.93,12.46,0.61,26.83,15.81,2.0,0.5,0.82,1
552,183,51.355,20.002,11.649,0.872,20.591,12.728,1.717,0.582,0.915,1
6576,120,40.97,13.89,11.0,0.9,14.76,11.0,1.26,0.79,0.94,1
3631,204,56.87,22.53,11.53,0.79,22.56,12.0,1.95,0.51,0.92,1
1194,123,42.042,15.583,10.05,0.874,16.155,10.686,1.55,0.645,0.901,1
7999,189,63.01,19.36,12.43,0.6,23.02,14.23,1.56,0.64,0.84,1
9144,158,46.87,16.6,12.12,0.9,18.03,12.73,1.37,0.73,0.93,1
1754,136,43.698,15.528,11.151,0.895,16.492,11.767,1.393,0.718,0.904,1
572,137,44.385,14.85,11.746,0.874,15.811,12.0,1.264,0.791,0.913,1
4246,118,40.87,13.33,11.27,0.89,14.76,11.93,1.18,0.85,0.9,1
1718,200,54.284,20.157,12.633,0.853,20.396,13.0,1.596,0.627,0.93,1
2635,268,72.527,25.009,13.644,0.64,27.019,16.731,1.833,0.546,0.807,1
5439,200,55.11,19.65,12.96,0.83,20.59,13.86,1.52,0.66,0.9,1
5621,227,71.01,19.8,14.6,0.57,23.02,15.0,1.36,0.74,0.83,1
1534,108,39.456,15.132,9.087,0.872,15.811,9.899,1.665,0.601,0.911,1
6874,218,69.84,23.77,11.68,0.56,25.06,14.41,2.04,0.49,0.82,1
2578,237,63.598,24.471,12.331,0.736,25.08,14.23,1.985,0.504,0.881,1
8084,194,53.94,20.72,11.92,0.84,21.4,12.8,1.74,0.58,0.91,1
6843,333,81.15,34.11,12.43,0.64,33.29,14.14,2.74,0.36,0.84,1
9408,201,56.53,22.2,11.53,0.79,22.8,12.65,1.93,0.52,0.91,1
7245,115,41.56,13.1,11.18,0.84,15.62,11.0,1.17,0.85,0.93,1
7181,175,57.36,18.33,12.16,0.67,20.0,14.31,1.51,0.66,0.82,1
857,138,44.971,15.904,11.048,0.857,16.553,11.0,1.44,0.695,0.929,1
9323,238,63.01,21.47,14.11,0.75,22.2,15.5,1.52,0.66,0.88,1
7376,223,57.46,22.93,12.38,0.85,22.56,12.0,1.85,0.54,0.95,1
2087,166,55.012,23.037,9.175,0.689,23.431,9.995,2.511,0.398,0.874,1
2185,257,65.698,25.097,13.038,0.748,25.554,14.209,1.925,0.52,0.928,1
4109,231,66.53,22.96,12.81,0.66,24.33,13.0,1.79,0.56,0.87,1
6295,205,55.7,21.3,12.25,0.83,21.54,12.55,1.74,0.58,0.92,1
483,154,49.355,17.929,10.936,0.794,18.682,11.885,1.639,0.61,0.883,1
1007,185,51.355,19.082,12.344,0.881,19.723,12.728,1.546,0.647,0.918,1
2419,181,49.698,16.901,13.636,0.921,17.72,14.0,1.239,0.807,0.926,1
8448,232,63.6,22.25,13.28,0.72,23.35,15.15,1.68,0.6,0.9,1
1112,118,41.213,16.177,9.288,0.873,17.0,10.0,1.742,0.574,0.929,1
3100,237,66.77,23.802,12.678,0.668,26.627,14.62,1.877,0.533,0.857,1
380,182,54.77,21.214,10.923,0.762,21.633,11.554,1.942,0.515,0.886,1
5041,155,48.38,15.87,12.44,0.83,18.6,12.81,1.28,0.78,0.91,1
4736,383,91.25,34.99,13.94,0.58,36.89,16.55,2.51,0.4,0.84,1
3292,184,55.456,20.126,11.64,0.752,21.378,11.86,1.729,0.578,0.904,1
1342,110,38.042,14.196,9.866,0.955,15.0,10.607,1.439,0.695,0.928,1
1741,166,49.698,17.773,11.892,0.845,18.385,12.0,1.495,0.669,0.93,1
9952,137,49.11,14.47,12.06,0.71,15.81,13.0,1.2,0.83,0.89,1
9706,157,46.38,15.27,13.09,0.92,17.2,13.0,1.17,0.86,0.95,1
8093,210,59.11,23.11,11.57,0.76,23.77,12.66,2.0,0.5,0.91,1
1448,117,40.627,14.714,10.125,0.891,15.264,10.733,1.453,0.688,0.921,1
3695,181,52.53,19.92,11.57,0.82,20.52,12.69,1.72,0.58,0.9,1
4556,177,52.53,15.75,14.31,0.81,17.2,15.0,1.1,0.91,0.89,1
9083,151,47.7,17.24,11.15,0.83,18.44,12.35,1.55,0.65,0.9,1
6879,192,52.63,19.49,12.54,0.87,19.65,12.0,1.55,0.64,0.94,1
819,278,72.184,26.738,13.238,0.67,26.926,14.0,2.02,0.495,0.881,1
8944,210,56.04,20.61,12.98,0.84,20.88,13.0,1.59,0.63,0.93,1
9519,104,40.04,11.98,11.05,0.82,13.89,11.77,1.08,0.92,0.88,1
892,197,54.527,19.307,12.991,0.833,20.224,13.0,1.486,0.673,0.912,1
1418,125,41.698,15.572,10.221,0.903,16.125,11.0,1.524,0.656,0.906,1
7797,199,56.18,21.66,11.7,0.79,22.47,13.32,1.85,0.54,0.9,1
7089,184,52.77,16.43,14.26,0.83,18.03,15.21,1.15,0.87,0.88,1
3560,193,56.53,22.15,11.09,0.76,22.2,12.07,2.0,0.5,0.89,1
7348,218,56.77,21.35,13.0,0.85,22.02,13.9,1.64,0.61,0.91,1
7812,204,60.77,19.69,13.19,0.69,20.4,14.32,1.49,0.67,0.85,1
2002,212,57.113,21.805,12.379,0.817,23.431,13.416,1.761,0.568,0.92,1
6800,135,48.53,17.38,9.89,0.72,17.49,10.92,1.76,0.57,0.86,1
6518,110,40.38,13.13,10.67,0.85,15.56,11.0,1.23,0.81,0.92,1
6322,191,52.87,19.99,12.17,0.86,20.22,12.0,1.64,0.61,0.93,1
7785,172,50.87,18.59,11.78,0.84,18.87,13.0,1.58,0.63,0.9,1
2167,287,73.497,25.782,14.173,0.668,27.857,16.306,1.819,0.55,0.808,1
103,103,37.556,13.687,9.581,0.918,14.318,9.0,1.429,0.7,0.949,1
2394,149,44.87,15.949,11.895,0.93,17.0,12.522,1.341,0.746,0.923,1
7368,108,40.38,12.08,11.38,0.83,14.21,11.46,1.06,0.94,0.88,1
1704,107,38.87,14.875,9.158,0.89,15.264,9.985,1.624,0.616,0.895,1
5930,157,48.28,16.27,12.29,0.85,17.8,13.44,1.32,0.76,0.9,1
5684,146,45.7,14.55,12.78,0.88,15.81,13.44,1.14,0.88,0.89,1
5479,142,44.63,14.77,12.24,0.9,15.81,12.0,1.21,0.83,0.92,1
7917,120,42.87,14.29,10.69,0.82,16.4,11.65,1.34,0.75,0.88,1
1923,114,39.799,15.553,9.332,0.904,15.811,9.0,1.667,0.6,0.946,1
6343,140,50.77,15.7,11.36,0.68,18.03,12.73,1.38,0.72,0.83,1
7892,110,38.87,12.36,11.33,0.91,13.6,12.0,1.09,0.92,0.9,1
9409,142,47.46,15.9,11.37,0.79,17.8,12.26,1.4,0.71,0.87,1
8540,162,50.04,18.26,11.3,0.81,18.68,11.88,1.62,0.62,0.91,1
3672,189,54.53,21.63,11.13,0.8,22.2,11.83,1.94,0.51,0.91,1
7757,190,57.7,20.8,11.63,0.72,22.47,12.33,1.79,0.56,0.88,1
7377,209,63.6,20.2,13.17,0.65,21.19,14.99,1.53,0.65,0.85,1
5178,170,49.46,15.75,13.75,0.87,17.8,14.0,1.15,0.87,0.93,1
1430,117,41.213,15.897,9.371,0.866,16.492,9.0,1.696,0.589,0.936,1
748,191,56.87,20.432,11.902,0.742,20.881,12.0,1.717,0.583,0.907,1
7955,197,57.01,20.04,12.51,0.76,21.02,13.42,1.6,0.62,0.89,1
5015,175,63.7,22.26,10.01,0.54,24.04,12.0,2.22,0.45,0.8,1
6554,276,73.84,26.81,13.11,0.64,27.46,14.0,2.05,0.49,0.89,1
3997,148,46.04,14.6,12.91,0.88,16.4,14.0,1.13,0.88,0.91,1
1098,106,39.698,15.305,8.819,0.845,15.811,9.436,1.736,0.576,0.876,1
7974,114,42.04,14.42,10.07,0.81,16.28,11.01,1.43,0.7,0.87,1
5634,151,47.7,16.05,11.98,0.83,17.0,13.0,1.34,0.75,0.92,1
7582,144,51.21,20.33,9.02,0.69,20.59,10.15,2.26,0.44,0.86,1
8385,210,61.01,22.55,11.86,0.71,23.02,12.65,1.9,0.53,0.88,1
7714,134,47.94,15.74,10.84,0.73,16.4,12.77,1.45,0.69,0.84,1
3345,132,42.87,14.568,11.537,0.903,15.297,12.0,1.263,0.792,0.898,1
8790,279,83.5,25.35,14.01,0.5,29.41,15.88,1.81,0.55,0.81,1
7620,210,57.6,18.84,14.19,0.8,19.72,16.09,1.33,0.75,0.86,1
24,187,53.698,20.556,11.583,0.815,21.932,12.522,1.775,0.563,0.914,1
4539,356,88.77,32.81,13.82,0.57,34.37,15.93,2.37,0.42,0.84,1
7444,206,56.18,20.85,12.58,0.82,21.95,13.42,1.66,0.6,0.9,1
2114,292,89.841,27.301,13.618,0.455,31.016,18.125,2.005,0.499,0.699,1
7004,138,44.28,13.73,12.8,0.88,15.3,13.0,1.07,0.93,0.9,1
9070,205,55.11,21.14,12.35,0.85,21.54,13.48,1.71,0.58,0.92,1
3263,165,56.77,19.172,10.958,0.643,21.095,12.862,1.75,0.572,0.825,1
5458,235,63.6,21.51,13.91,0.73,23.35,15.75,1.55,0.65,0.86,1
1403,110,38.87,14.193,9.868,0.915,15.0,10.607,1.438,0.695,0.913,1
765,177,51.355,19.262,11.7,0.843,19.849,12.676,1.646,0.607,0.892,1
1324,111,39.456,14.756,9.578,0.896,15.264,10.213,1.541,0.649,0.906,1
5573,157,48.28,16.65,12.0,0.85,18.03,12.66,1.39,0.72,0.89,1
1351,108,38.971,14.37,9.569,0.894,14.56,9.0,1.502,0.666,0.939,1
4706,125,41.46,12.88,12.36,0.91,13.89,13.0,1.04,0.96,0.91,1
8580,184,54.77,19.83,11.81,0.77,21.19,12.97,1.68,0.6,0.88,1
9237,207,56.53,20.88,12.62,0.81,21.54,13.82,1.65,0.6,0.9,1
3239,248,70.184,24.627,12.822,0.633,26.571,14.712,1.921,0.521,0.805,1
4244,229,66.67,23.77,12.27,0.65,26.63,13.4,1.94,0.52,0.87,1
2574,255,75.012,28.665,11.326,0.569,30.594,14.067,2.531,0.395,0.812,1
5671,135,44.04,14.2,12.1,0.87,15.62,12.97,1.17,0.85,0.9,1
7242,213,62.77,23.99,11.31,0.68,26.17,12.96,2.12,0.47,0.87,1
2767,169,48.87,17.375,12.385,0.889,18.601,13.035,1.403,0.713,0.929,1
8004,313,82.08,33.93,11.75,0.58,34.99,13.16,2.89,0.35,0.87,1
329,121,42.627,16.024,9.614,0.837,17.692,10.607,1.667,0.6,0.913,1
9260,167,50.28,19.28,11.03,0.83,20.62,12.0,1.75,0.57,0.91,1
1769,121,39.799,14.71,10.473,0.96,15.232,10.0,1.405,0.712,0.957,1
3714,196,57.11,21.14,11.8,0.76,22.56,12.0,1.79,0.56,0.91,1
827,141,46.284,15.238,11.781,0.827,16.125,12.225,1.293,0.773,0.881,1
3378,223,61.941,23.332,12.169,0.73,25.239,13.37,1.917,0.522,0.908,1
8533,135,46.28,14.27,12.04,0.79,15.81,12.73,1.19,0.84,0.85,1
6766,248,63.84,25.59,12.34,0.76,26.08,13.38,2.07,0.48,0.91,1
7264,188,54.28,19.71,12.15,0.8,20.81,13.11,1.62,0.62,0.9,1
3408,197,58.527,20.039,12.517,0.723,21.19,13.0,1.601,0.625,0.891,1
2457,194,54.77,19.878,12.426,0.813,21.932,14.0,1.6,0.625,0.911,1
5610,238,62.87,22.22,13.63,0.76,23.41,14.0,1.63,0.61,0.9,1
8230,296,81.15,33.7,11.18,0.56,33.6,13.04,3.01,0.33,0.83,1
1043,150,47.213,17.529,10.896,0.846,19.105,11.649,1.609,0.622,0.932,1
8133,240,64.18,25.1,12.17,0.73,25.24,13.57,2.06,0.48,0.89,1
5492,192,55.94,18.75,13.04,0.77,20.12,15.0,1.44,0.7,0.88,1
895,178,51.941,15.903,14.251,0.829,17.692,14.849,1.116,0.896,0.906,1
3667,195,55.36,20.86,11.9,0.8,21.47,13.31,1.75,0.57,0.89,1
3303,118,40.971,13.653,11.004,0.883,15.0,11.0,1.241,0.806,0.918,1
4968,210,66.77,25.62,10.44,0.59,27.66,13.0,2.46,0.41,0.82,1
6966,101,37.46,12.12,10.61,0.9,13.34,10.73,1.14,0.88,0.89,1
4306,141,49.46,14.61,12.29,0.72,17.69,12.97,1.19,0.84,0.87,1
1953,124,41.456,15.399,10.253,0.907,16.125,11.068,1.502,0.666,0.912,1
6333,225,67.36,26.03,11.0,0.62,28.32,12.53,2.37,0.42,0.84,1
3632,191,55.11,20.14,12.08,0.79,21.93,12.65,1.67,0.6,0.91,1
5625,194,55.11,19.63,12.58,0.8,21.93,14.14,1.56,0.64,0.89,1
1416,124,42.042,15.838,9.969,0.882,17.029,10.8,1.589,0.629,0.915,1
9344,198,57.36,19.5,12.93,0.76,20.25,14.77,1.51,0.66,0.87,1
1319,101,38.042,14.01,9.179,0.877,14.866,9.985,1.526,0.655,0.898,1
9640,194,54.28,20.09,12.29,0.83,21.02,13.0,1.63,0.61,0.93,1
4500,168,51.11,17.42,12.28,0.81,18.79,13.28,1.42,0.71,0.89,1
752,171,51.113,19.16,11.364,0.823,20.0,12.728,1.686,0.593,0.898,1
6213,142,45.46,14.44,12.52,0.86,15.62,12.94,1.15,0.87,0.9,1
7938,279,72.67,29.74,11.94,0.66,29.83,13.92,2.49,0.4,0.86,1
9157,190,55.11,20.44,11.84,0.79,21.02,12.65,1.73,0.58,0.9,1
1740,134,43.698,15.573,10.956,0.882,16.492,11.628,1.421,0.704,0.899,1
1666,131,44.87,17.51,9.526,0.818,18.028,10.436,1.838,0.544,0.907,1
6194,117,39.21,12.74,11.69,0.96,14.42,12.0,1.09,0.92,0.93,1
7889,210,57.11,20.14,13.27,0.81,22.83,15.0,1.52,0.66,0.91,1
826,177,51.698,18.696,12.054,0.832,19.235,12.969,1.551,0.645,0.915,1
5713,134,44.28,13.74,12.42,0.86,15.23,13.0,1.11,0.9,0.9,1
7940,302,92.91,21.23,18.11,0.44,25.08,22.0,1.17,0.85,0.77,1
1205,115,40.042,15.369,9.527,0.901,16.125,10.262,1.613,0.62,0.92,1
3652,177,53.46,20.91,10.78,0.78,20.62,11.0,1.94,0.52,0.92,1
8274,335,86.47,35.5,12.02,0.56,35.47,13.44,2.95,0.34,0.84,1
9415,224,63.6,22.59,12.63,0.7,23.6,14.69,1.79,0.56,0.85,1
1911,197,53.113,19.689,12.739,0.878,20.809,13.435,1.546,0.647,0.923,1
7840,212,60.53,21.71,12.43,0.73,23.85,14.07,1.75,0.57,0.89,1
2943,185,53.355,20.629,11.418,0.817,21.26,12.021,1.807,0.553,0.905,1
4922,199,64.87,23.64,10.72,0.59,25.08,13.0,2.2,0.45,0.82,1
1335,113,39.213,14.672,9.806,0.923,15.232,10.0,1.496,0.668,0.934,1
139,171,49.941,19.041,11.434,0.862,19.849,12.021,1.665,0.601,0.917,1
4660,145,50.87,16.11,11.46,0.7,19.1,12.52,1.4,0.71,0.86,1
5545,135,43.21,13.57,12.67,0.91,15.0,13.0,1.07,0.93,0.92,1
9789,117,39.8,13.77,10.82,0.93,15.0,11.63,1.27,0.79,0.94,1
6861,312,75.01,25.86,15.36,0.7,27.46,17.47,1.68,0.59,0.88,1
5688,106,38.97,11.95,11.29,0.88,13.45,11.0,1.06,0.94,0.91,1
8921,203,56.53,21.87,11.82,0.8,22.02,12.52,1.85,0.54,0.92,1
1807,133,44.87,16.716,10.13,0.83,17.464,11.068,1.65,0.606,0.896,1
6693,116,42.04,14.96,9.87,0.82,16.4,10.91,1.51,0.66,0.89,1
6054,160,55.46,17.01,11.98,0.65,20.52,13.95,1.42,0.7,0.83,1
7281,210,59.7,22.55,11.86,0.74,22.47,12.75,1.9,0.53,0.9,1
1372,108,40.627,13.954,9.855,0.822,15.0,10.983,1.416,0.706,0.885,1
1537,103,38.87,15.238,8.606,0.857,15.811,9.192,1.771,0.565,0.904,1
8602,263,69.6,21.17,15.82,0.68,22.83,17.0,1.34,0.75,0.86,1
5601,173,50.04,17.03,12.94,0.87,18.36,13.0,1.32,0.76,0.93,1
7398,153,49.94,14.19,13.73,0.77,17.0,14.85,1.03,0.97,0.86,1
3479,212,56.87,21.89,12.33,0.82,23.26,13.0,1.77,0.56,0.93,1
44,181,53.113,19.25,11.972,0.806,20.616,13.205,1.608,0.622,0.889,1
6325,152,46.87,17.89,10.82,0.87,19.21,12.02,1.65,0.6,0.91,1
1083,115,39.799,15.414,9.499,0.912,15.524,9.0,1.623,0.616,0.95,1
6985,175,59.7,22.86,9.75,0.62,23.54,11.82,2.35,0.43,0.81,1
8185,227,57.36,20.34,14.21,0.87,21.02,15.16,1.43,0.7,0.91,1
6665,154,53.94,17.22,11.39,0.67,19.31,13.31,1.51,0.66,0.83,1
9051,228,62.53,20.29,14.31,0.73,22.02,15.0,1.42,0.71,0.88,1
2432,211,54.87,19.709,13.631,0.881,20.248,14.0,1.446,0.692,0.94,1
9459,180,51.94,19.2,11.94,0.84,20.25,12.76,1.61,0.62,0.91,1
4691,192,53.46,18.8,13.0,0.84,20.59,13.58,1.45,0.69,0.91,1
6364,206,58.53,22.55,11.63,0.76,24.04,12.34,1.94,0.52,0.89,1
7198,120,43.11,13.83,11.05,0.81,15.23,11.93,1.25,0.8,0.87,1
2045,127,42.042,15.504,10.43,0.903,16.553,11.0,1.487,0.673,0.93,1
5719,286,67.01,22.97,15.85,0.8,24.04,17.39,1.45,0.69,0.9,1
8207,311,86.33,31.59,12.53,0.52,33.3,16.14,2.52,0.4,0.75,1
6089,149,52.28,16.95,11.19,0.68,17.89,12.0,1.51,0.66,0.87,1
8509,207,57.94,22.18,11.88,0.77,23.41,13.52,1.87,0.54,0.89,1
7114,142,46.97,15.15,11.94,0.81,17.2,12.0,1.27,0.79,0.92,1
7443,157,46.28,16.66,12.0,0.92,17.8,12.73,1.39,0.72,0.93,1
9365,196,52.28,18.79,13.28,0.9,19.72,14.0,1.41,0.71,0.92,1
2625,222,67.841,25.465,11.1,0.606,27.203,13.952,2.294,0.436,0.818,1
3361,193,59.213,23.801,10.325,0.692,24.698,10.687,2.305,0.434,0.9,1
8435,172,51.7,18.81,11.64,0.81,19.42,12.4,1.62,0.62,0.89,1
9281,155,47.11,17.85,11.05,0.88,18.6,12.0,1.62,0.62,0.91,1
8626,191,52.77,20.5,11.86,0.86,20.81,12.73,1.73,0.58,0.92,1
4235,117,42.87,13.8,10.8,0.8,15.0,12.0,1.28,0.78,0.89,1
2615,195,58.527,20.829,11.92,0.715,23.601,13.868,1.747,0.572,0.871,1
2678,215,58.184,21.827,12.542,0.798,23.601,13.435,1.74,0.575,0.907,1
7843,140,44.04,15.58,11.44,0.91,16.28,11.0,1.36,0.73,0.92,1
4465,103,38.04,12.24,10.71,0.89,13.45,11.63,1.14,0.87,0.88,1
7951,151,46.38,16.85,11.41,0.88,17.09,11.0,1.48,0.68,0.94,1
1206,105,37.456,13.93,9.597,0.941,14.765,10.4,1.451,0.689,0.913,1
8548,181,53.46,20.02,11.51,0.8,20.62,12.4,1.74,0.58,0.9,1
6465,224,58.18,18.89,15.1,0.83,20.62,16.46,1.25,0.8,0.89,1
695,145,48.87,16.625,11.105,0.763,17.464,12.0,1.497,0.668,0.879,1
1994,120,40.87,14.875,10.272,0.903,15.811,11.088,1.448,0.691,0.902,1
64,185,58.527,21.341,11.037,0.679,23.022,12.481,1.933,0.517,0.879,1
2926,280,80.912,30.629,11.639,0.537,32.696,13.782,2.632,0.38,0.825,1
8552,151,46.87,15.83,12.14,0.86,17.2,13.31,1.3,0.77,0.91,1
8566,204,58.87,20.93,12.41,0.74,21.54,12.74,1.69,0.59,0.89,1
1673,118,40.042,15.465,9.715,0.925,15.811,10.0,1.592,0.628,0.929,1
3355,197,59.598,20.605,12.173,0.697,22.472,14.512,1.693,0.591,0.851,1
9501,188,53.36,21.01,11.39,0.83,22.02,12.02,1.84,0.54,0.92,1
9361,175,51.11,18.77,11.87,0.84,20.0,13.44,1.58,0.63,0.9,1
7760,213,59.21,21.96,12.35,0.76,22.14,12.0,1.78,0.56,0.94,1
8143,138,45.8,16.45,10.68,0.83,18.6,11.77,1.54,0.65,0.92,1
6277,124,42.63,15.2,10.39,0.86,16.12,10.0,1.46,0.68,0.91,1
1717,117,39.456,14.653,10.167,0.944,15.297,10.0,1.441,0.694,0.929,1
2460,211,54.527,20.656,13.006,0.892,21.19,13.914,1.588,0.63,0.93,1
7235,219,60.77,22.59,12.34,0.75,23.85,13.86,1.83,0.55,0.87,1
9013,141,44.87,16.17,11.1,0.88,17.03,11.83,1.46,0.69,0.91,1
4096,229,57.7,21.46,13.59,0.86,23.02,14.6,1.58,0.63,0.94,1
5898,171,61.11,21.92,9.93,0.58,23.43,12.73,2.21,0.45,0.8,1
3569,131,44.53,15.47,10.78,0.83,16.49,11.33,1.44,0.7,0.87,1
4920,135,44.28,14.45,11.89,0.87,16.12,13.1,1.22,0.82,0.89,1
112,122,42.627,14.098,11.019,0.844,15.264,11.0,1.279,0.782,0.907,1
4719,183,52.04,18.34,12.7,0.85,18.97,13.0,1.44,0.69,0.92,1
6185,218,58.77,21.1,13.16,0.79,21.63,14.0,1.6,0.62,0.88,1
7173,130,44.28,13.99,11.83,0.83,15.0,12.97,1.18,0.85,0.88,1
9391,179,51.7,19.93,11.44,0.84,20.62,12.02,1.74,0.57,0.92,1
2538,186,53.941,20.28,11.677,0.803,20.616,12.671,1.737,0.576,0.89,1
1349,121,42.527,15.742,9.787,0.841,16.401,10.607,1.608,0.622,0.88,1
4534,128,41.8,13.57,12.01,0.92,15.0,12.0,1.13,0.88,0.93,1
1232,130,42.87,16.013,10.337,0.889,16.643,11.18,1.549,0.646,0.912,1
2160,323,87.74,31.673,12.984,0.527,34.132,17.067,2.439,0.41,0.763,1
1488,115,39.799,15.258,9.596,0.912,15.524,9.0,1.59,0.629,0.95,1
6611,339,92.67,37.37,11.55,0.5,38.01,13.4,3.24,0.31,0.84,1
8161,215,59.21,22.66,12.08,0.77,23.26,12.69,1.88,0.53,0.91,1
3367,123,41.456,12.717,12.315,0.899,14.422,12.748,1.033,0.968,0.898,1
2774,250,75.598,29.734,10.705,0.55,30.083,13.282,2.777,0.36,0.816,1
1578,119,41.698,15.296,9.906,0.86,15.811,10.733,1.544,0.648,0.888,1
3547,179,51.94,18.69,12.19,0.83,19.7,13.42,1.53,0.65,0.88,1
9966,114,40.63,13.3,10.91,0.87,14.87,11.18,1.22,0.82,0.89,1
9885,192,57.11,20.35,12.01,0.74,22.02,14.14,1.69,0.59,0.88,1
1172,119,42.042,15.659,9.676,0.846,16.279,10.0,1.618,0.618,0.908,1
5762,198,55.7,21.1,11.95,0.8,21.95,12.97,1.77,0.57,0.91,1
7781,211,59.11,21.81,12.32,0.76,22.83,13.27,1.77,0.56,0.9,1
943,183,51.113,18.936,12.305,0.88,19.647,13.0,1.539,0.65,0.913,1
6994,161,48.28,18.13,11.31,0.87,18.68,12.0,1.6,0.62,0.92,1
1776,154,47.213,18.181,10.785,0.868,18.385,10.983,1.686,0.593,0.936,1
5412,349,84.18,35.24,12.61,0.62,35.17,13.44,2.8,0.36,0.91,1
9031,207,56.18,20.72,12.72,0.82,22.02,13.44,1.63,0.61,0.9,1
7453,126,43.8,13.24,12.12,0.83,15.0,12.0,1.09,0.92,0.88,1
5660,122,40.04,12.82,12.12,0.96,13.93,12.0,1.06,0.94,0.93,1
147,118,40.971,12.866,11.677,0.883,14.213,11.0,1.102,0.908,0.948,1
6601,182,58.04,21.67,10.69,0.68,21.59,10.98,2.03,0.49,0.89,1
6564,191,55.94,18.96,12.83,0.77,20.0,15.04,1.48,0.68,0.89,1
6096,268,79.5,30.29,11.27,0.53,32.45,14.51,2.69,0.37,0.78,1
3462,131,46.04,14.67,11.37,0.78,16.55,12.0,1.29,0.77,0.89,1
7618,162,49.46,17.44,11.83,0.83,19.1,12.87,1.47,0.68,0.91,1
9902,101,36.97,12.07,10.65,0.93,14.21,11.0,1.13,0.88,0.93,1
1525,117,40.627,15.066,9.888,0.891,15.524,10.0,1.524,0.656,0.925,1
3236,446,145.539,44.084,12.882,0.265,52.01,23.493,3.422,0.292,0.501,1
3319,197,59.598,20.482,12.246,0.697,23.324,14.142,1.673,0.598,0.851,1
6848,284,76.18,28.96,12.49,0.61,29.43,14.31,2.32,0.43,0.87,1
5749,265,64.18,23.85,14.15,0.81,24.84,15.18,1.69,0.59,0.91,1
8884,163,52.28,19.58,10.6,0.75,20.25,11.88,1.85,0.54,0.89,1
5103,136,42.28,14.0,12.37,0.96,14.87,12.97,1.13,0.88,0.92,1
7239,187,52.87,19.88,11.98,0.84,21.1,13.1,1.66,0.6,0.92,1
9104,201,56.63,19.99,12.8,0.79,20.62,14.0,1.56,0.64,0.9,1
9945,210,57.94,21.91,12.2,0.79,23.43,13.02,1.8,0.56,0.91,1
1288,109,38.042,13.677,10.147,0.946,14.422,10.733,1.348,0.742,0.924,1
1608,104,38.627,14.424,9.18,0.876,14.866,9.7,1.571,0.636,0.9,1
104,144,46.042,16.38,11.193,0.854,17.088,12.0,1.463,0.683,0.917,1
7177,186,54.53,19.98,11.85,0.79,20.62,12.91,1.69,0.59,0.88,1
9831,146,44.04,15.99,11.62,0.95,16.64,12.0,1.38,0.73,0.94,1
3452,228,59.94,21.37,13.58,0.8,22.56,14.55,1.57,0.64,0.9,1
2934,184,53.598,21.199,11.051,0.805,21.633,12.021,1.918,0.521,0.889,1
2757,165,49.698,18.017,11.66,0.839,19.209,12.6,1.545,0.647,0.907,1
2852,173,59.841,20.492,10.749,0.607,22.847,12.385,1.906,0.525,0.788,1
5520,124,42.87,12.81,12.32,0.85,14.42,13.0,1.04,0.96,0.88,1
1886,131,44.527,17.004,9.809,0.83,17.493,10.733,1.733,0.577,0.888,1
6940,238,66.43,24.15,12.55,0.68,25.5,14.42,1.93,0.52,0.83,1
2825,217,67.355,27.006,10.231,0.601,27.313,12.04,2.64,0.379,0.824,1
7293,210,57.94,21.61,12.37,0.79,22.36,13.03,1.75,0.57,0.91,1
7742,200,55.94,21.46,11.87,0.8,22.47,12.97,1.81,0.55,0.9,1
2039,146,44.284,16.657,11.16,0.936,17.493,12.021,1.493,0.67,0.933,1
1216,100,37.456,13.47,9.453,0.896,14.318,10.119,1.425,0.702,0.901,1
7680,239,63.36,22.8,13.35,0.75,23.26,14.42,1.71,0.59,0.89,1
8049,225,64.67,22.11,12.96,0.68,24.21,13.87,1.71,0.59,0.86,1
3247,234,64.77,22.934,12.991,0.701,24.597,15.331,1.765,0.566,0.828,1
1533,159,52.527,19.453,10.407,0.724,20.248,12.021,1.869,0.535,0.85,1
7740,127,42.04,14.26,11.34,0.9,16.12,12.0,1.26,0.8,0.92,1
8120,186,53.94,21.35,11.09,0.8,22.63,11.95,1.92,0.52,0.91,1
1956,131,44.042,17.356,9.61,0.849,17.72,10.0,1.806,0.554,0.919,1
6938,100,36.38,12.18,10.45,0.95,13.6,11.0,1.16,0.86,0.93,1
6896,140,45.46,15.54,11.47,0.85,17.0,12.0,1.36,0.74,0.92,1
6517,192,56.28,21.4,11.42,0.76,21.59,12.0,1.87,0.53,0.9,1
5640,116,38.97,13.75,10.74,0.96,15.62,11.0,1.28,0.78,0.96,1
5480,179,52.04,17.96,12.69,0.83,19.42,13.97,1.42,0.71,0.92,1
9291,209,57.11,21.93,12.14,0.81,23.71,13.37,1.81,0.55,0.91,1
3471,163,47.7,16.76,12.38,0.9,17.89,13.0,1.35,0.74,0.92,1
5679,123,41.46,13.73,11.4,0.9,15.0,12.44,1.2,0.83,0.9,1
9509,116,40.63,13.85,10.67,0.88,14.32,11.0,1.3,0.77,0.92,1
1020,213,55.113,19.751,13.731,0.881,20.248,14.577,1.438,0.695,0.928,1
9414,202,56.04,20.31,12.66,0.81,20.62,13.0,1.6,0.62,0.93,1
8535,166,55.46,18.46,11.45,0.68,20.88,12.0,1.61,0.62,0.88,1
1895,165,48.527,19.26,10.908,0.88,19.849,11.314,1.766,0.566,0.932,1
7455,159,48.53,17.03,11.89,0.85,17.72,12.0,1.43,0.7,0.92,1
5491,136,44.04,13.41,12.91,0.88,15.26,13.0,1.04,0.96,0.91,1
9226,150,48.63,16.37,11.67,0.8,19.21,13.0,1.4,0.71,0.9,1
5572,197,59.11,19.92,12.59,0.71,20.62,13.13,1.58,0.63,0.89,1
5945,134,43.7,15.04,11.34,0.88,16.28,12.0,1.33,0.75,0.9,1
1841,121,41.456,15.394,10.008,0.885,16.553,10.914,1.538,0.65,0.91,1
7388,235,62.18,22.15,13.51,0.76,23.6,14.97,1.64,0.61,0.88,1
1280,117,41.456,14.726,10.116,0.856,15.652,10.733,1.456,0.687,0.903,1
339,179,51.355,19.494,11.691,0.853,20.518,12.021,1.667,0.6,0.906,1
1879,123,42.527,15.829,9.894,0.855,16.401,10.607,1.6,0.625,0.888,1
8453,226,61.7,22.84,12.6,0.75,23.71,13.49,1.81,0.55,0.9,1
3537,195,53.11,18.25,13.6,0.87,19.24,14.0,1.34,0.75,0.91,1
563,217,61.113,22.204,12.443,0.73,22.472,13.339,1.784,0.56,0.884,1
1459,118,41.456,15.219,9.872,0.863,16.155,10.286,1.542,0.649,0.911,1
59,192,57.941,19.331,12.646,0.719,21.26,15.364,1.529,0.654,0.855,1
5687,144,43.7,14.51,12.63,0.95,15.81,13.0,1.15,0.87,0.92,1
1868,139,45.456,17.52,10.101,0.845,18.248,10.0,1.734,0.577,0.93,1
5863,357,86.08,32.68,13.91,0.61,33.96,15.9,2.35,0.43,0.86,1
4229,147,51.11,16.28,11.5,0.71,19.1,13.27,1.42,0.71,0.83,1
2435,197,52.77,18.909,13.265,0.889,19.209,13.435,1.425,0.702,0.925,1
1082,115,41.456,15.799,9.268,0.841,16.643,10.286,1.705,0.587,0.898,1
9251,126,46.87,14.06,11.41,0.72,16.12,12.82,1.23,0.81,0.85,1
962,178,51.355,18.225,12.435,0.848,19.925,13.416,1.466,0.682,0.901,1
7393,214,58.87,22.73,11.99,0.78,23.26,12.97,1.9,0.53,0.92,1
2479,205,55.355,20.164,12.945,0.841,21.19,13.556,1.558,0.642,0.909,1
951,204,56.042,21.782,11.924,0.816,21.587,12.0,1.827,0.547,0.934,1
1391,105,38.627,14.641,9.131,0.884,15.264,9.839,1.603,0.624,0.925,1
1603,122,44.284,16.328,9.513,0.782,17.088,10.119,1.716,0.583,0.878,1
7802,217,54.53,19.37,14.26,0.92,20.25,15.0,1.36,0.74,0.94,1
3267,183,64.184,20.002,11.649,0.558,21.954,14.735,1.717,0.582,0.753,1
6945,229,64.18,24.27,12.01,0.7,25.55,13.77,2.02,0.5,0.85,1
1249,129,45.698,17.76,9.248,0.776,18.028,9.842,1.92,0.521,0.902,1
3405,162,51.456,19.781,10.427,0.769,21.633,11.628,1.897,0.527,0.903,1
5084,130,43.7,14.17,11.68,0.86,15.65,12.48,1.21,0.82,0.88,1
2807,218,57.355,20.99,13.224,0.833,22.472,14.758,1.587,0.63,0.901,1
1605,105,38.385,14.596,9.159,0.896,14.866,9.0,1.594,0.627,0.942,1
